order_id,order_date,customer_id,product,category,region,sales_channel,quantity,unit_price,discount_pct,revenue,cost,profit,shipping_cost,delivery_days,returned
O100296,2025-01-01,C10488,Office Chair,Home & Office,Northeast,Mobile App,1,189.0,15.0,160.65,105.0,46.32,9.33,2,No
O101271,2025-01-01,C10097,USB-C Hub,Electronics,Southwest,Mobile App,1,39.0,30.0,27.3,20.0,-0.93,8.23,4,No
O100758,2025-01-01,C10583,Portable Stove,Outdoor,Southwest,Website,2,74.0,0.0,148.0,74.0,57.68,16.32,5,No
O101236,2025-01-01,C10590,Portable Stove,Outdoor,Southwest,Marketplace,2,74.0,2.0,145.04,74.0,55.66,15.38,3,No
O101590,2025-01-01,C10592,Camping Lantern,Outdoor,West,Website,2,45.0,15.0,76.5,44.0,21.13,11.37,4,No
O101020,2025-01-02,C10329,Photography Guide,Books & Media,Southeast,Mobile App,1,34.0,0.0,34.0,14.0,7.27,12.73,2,No
O100373,2025-01-02,C10151,Desk Lamp,Home & Office,Midwest,Website,1,35.0,0.0,35.0,16.0,8.28,10.72,4,No
O100098,2025-01-02,C10225,Desk Lamp,Home & Office,Midwest,Marketplace,2,35.0,2.0,68.6,32.0,24.95,11.65,6,No
O100273,2025-01-02,C10010,Hiking Pants,Apparel,Southeast,Mobile App,2,79.0,0.0,158.0,70.0,78.37,9.63,4,No
O101705,2025-01-02,C10438,Hiking Pants,Apparel,Southeast,Mobile App,1,79.0,0.0,79.0,35.0,33.95,10.05,2,No
O100255,2025-01-02,C10086,Photography Guide,Books & Media,Midwest,Website,2,34.0,30.0,47.6,28.0,8.1,11.5,2,No
O100625,2025-01-03,C10020,Rain Jacket,Apparel,Southeast,Mobile App,1,99.0,0.0,99.0,48.0,38.81,12.19,5,No
O101110,2025-01-03,C10621,Insulated Bottle,Outdoor,Southeast,Marketplace,1,32.0,2.0,31.36,14.0,6.14,11.22,6,No
O101115,2025-01-03,C10613,Standing Desk,Home & Office,Southeast,Marketplace,1,349.0,12.0,307.12,205.0,94.13,7.99,6,No
O101437,2025-01-03,C10483,Wireless Headphones,Electronics,Southeast,Website,3,79.0,20.0,189.6,126.0,51.05,12.55,3,No
O100506,2025-01-04,C10213,Camping Chair,Outdoor,Southeast,Marketplace,1,69.0,17.0,57.27,34.0,13.62,9.65,4,No
O100932,2025-01-04,C10334,Portable Stove,Outdoor,Southwest,Website,1,74.0,5.0,70.3,37.0,24.9,8.4,6,No
O100182,2025-01-04,C10214,Rain Jacket,Apparel,Midwest,Website,1,99.0,15.0,84.15,48.0,23.82,12.33,3,No
O100250,2025-01-04,C10636,Camping Chair,Outdoor,Midwest,Mobile App,2,69.0,0.0,138.0,68.0,58.08,11.92,4,No
O101814,2025-01-05,C10106,Camping Lantern,Outdoor,Southeast,Website,1,45.0,0.0,45.0,22.0,10.39,12.61,2,No
O100481,2025-01-05,C10540,Desk Lamp,Home & Office,Midwest,Marketplace,1,35.0,17.0,29.05,16.0,3.78,9.27,5,No
O101078,2025-01-05,C10267,Webcam,Electronics,Southeast,Website,2,69.0,25.0,103.5,72.0,16.89,14.61,3,No
O101383,2025-01-05,C10460,Standing Desk,Home & Office,Southeast,Website,2,349.0,0.0,698.0,410.0,276.06,11.94,5,No
O101207,2025-01-05,C10067,Standing Desk,Home & Office,Southwest,Mobile App,3,349.0,10.0,942.3,615.0,312.21,15.09,7,No
O100597,2025-01-05,C10368,Business Strategy Book,Books & Media,Midwest,Marketplace,1,44.0,2.0,43.12,19.0,11.42,12.7,5,No
O101457,2025-01-06,C10521,Mechanical Keyboard,Electronics,Southwest,Website,1,95.0,0.0,95.0,51.0,35.22,8.78,5,No
O101044,2025-01-06,C10104,Bluetooth Speaker,Electronics,West,Website,1,65.0,0.0,65.0,34.0,19.6,11.4,4,No
O100705,2025-01-07,C10643,Camping Chair,Outdoor,Midwest,Website,1,69.0,15.0,58.65,34.0,13.47,11.18,3,No
O101761,2025-01-07,C10418,Performance Shirt,Apparel,Midwest,Mobile App,1,45.0,10.0,40.5,19.0,13.18,8.32,4,No
O101926,2025-01-07,C10588,Bluetooth Speaker,Electronics,West,Website,1,65.0,0.0,65.0,34.0,16.69,14.31,5,No
O101522,2025-01-07,C10376,Standing Desk,Home & Office,Southeast,Website,1,349.0,5.0,331.55,205.0,114.47,12.08,3,No
O100901,2025-01-07,C10554,USB-C Hub,Electronics,Southwest,Marketplace,2,39.0,12.0,68.64,40.0,12.52,16.12,5,No
O100956,2025-01-08,C10530,Insulated Bottle,Outdoor,Northeast,Website,2,32.0,10.0,57.6,28.0,17.79,11.81,3,No
O101127,2025-01-08,C10121,Hiking Pants,Apparel,Southeast,Marketplace,1,79.0,17.0,65.57,35.0,22.9,7.67,5,No
O100421,2025-01-08,C10063,Programming Book,Books & Media,Midwest,Website,2,59.0,10.0,106.2,50.0,45.73,10.47,2,No
O101880,2025-01-08,C10524,USB-C Hub,Electronics,Midwest,Website,1,39.0,30.0,27.3,20.0,-3.69,10.99,5,No
O101583,2025-01-08,C10080,Wireless Headphones,Electronics,Northeast,Mobile App,3,79.0,10.0,213.3,126.0,73.74,13.56,6,No
O100581,2025-01-08,C10577,Desk Lamp,Home & Office,Midwest,Website,1,35.0,0.0,35.0,16.0,10.51,8.49,4,No
O100358,2025-01-09,C10062,Mechanical Keyboard,Electronics,Northeast,Website,5,95.0,0.0,475.0,255.0,206.8,13.2,3,No
O101836,2025-01-09,C10622,Desk Lamp,Home & Office,West,Marketplace,1,35.0,17.0,29.05,16.0,-1.68,14.73,8,No
O101033,2025-01-09,C10443,Trail Shoes,Apparel,Southeast,Website,1,129.0,15.0,109.65,68.0,32.76,8.89,2,No
O100055,2025-01-09,C10500,Insulated Bottle,Outdoor,West,Website,1,32.0,25.0,24.0,14.0,-2.54,12.54,4,No
O100230,2025-01-10,C10182,Hiking Pants,Apparel,West,Website,3,79.0,0.0,237.0,105.0,116.44,15.56,4,No
O100099,2025-01-10,C10218,Fleece Jacket,Apparel,Southeast,Website,1,84.0,10.0,75.6,39.0,28.48,8.12,2,No
O101375,2025-01-10,C10215,Mechanical Keyboard,Electronics,West,Marketplace,1,95.0,12.0,83.6,51.0,24.09,8.51,4,No
O101021,2025-01-10,C10077,Office Chair,Home & Office,Southwest,Marketplace,1,189.0,7.0,175.77,105.0,57.64,13.13,5,No
O101330,2025-01-10,C10080,Fleece Jacket,Apparel,West,Marketplace,5,84.0,27.0,306.6,195.0,97.2,14.4,5,No
O101658,2025-01-10,C10528,Fleece Jacket,Apparel,Northeast,Marketplace,2,84.0,12.0,147.84,78.0,55.93,13.91,6,No
O100271,2025-01-10,C10621,Science Book,Books & Media,West,Website,1,39.0,0.0,39.0,16.0,7.98,15.02,5,No
O100921,2025-01-11,C10199,Science Book,Books & Media,West,Marketplace,1,39.0,17.0,32.37,16.0,1.91,14.46,7,No
O101353,2025-01-12,C10518,Standing Desk,Home & Office,Midwest,Marketplace,2,349.0,27.0,509.54,410.0,84.89,14.65,4,No
O100107,2025-01-12,C10141,Monitor Stand,Home & Office,Midwest,Marketplace,1,59.0,2.0,57.82,28.0,20.8,9.02,4,No
O100969,2025-01-12,C10416,Desk Organizer,Home & Office,Midwest,Mobile App,1,24.0,20.0,19.2,10.0,-2.04,11.24,6,No
O100559,2025-01-12,C10415,Hiking Pants,Apparel,Midwest,Website,1,79.0,5.0,75.05,35.0,29.13,10.92,3,No
O100555,2025-01-12,C10467,Bluetooth Speaker,Electronics,Southwest,Marketplace,1,65.0,7.0,60.45,34.0,16.29,10.16,6,No
O100416,2025-01-12,C10449,Portable Stove,Outdoor,Southeast,Website,1,74.0,0.0,74.0,37.0,28.26,8.74,4,No
O100984,2025-01-13,C10134,Fleece Jacket,Apparel,Southwest,Website,1,84.0,0.0,84.0,39.0,36.48,8.52,2,No
O100644,2025-01-13,C10066,Data Analytics Book,Books & Media,Southwest,Website,1,49.0,0.0,49.0,21.0,15.05,12.95,5,No
O100562,2025-01-13,C10172,Mechanical Keyboard,Electronics,West,Marketplace,1,95.0,2.0,93.1,51.0,29.45,12.65,6,No
O100424,2025-01-14,C10208,Hiking Backpack,Outdoor,Southwest,Website,3,119.0,5.0,339.15,183.0,145.18,10.97,1,No
O101179,2025-01-14,C10565,Hiking Pants,Apparel,Southwest,Website,1,79.0,10.0,71.1,35.0,25.08,11.02,3,No
O100549,2025-01-14,C10483,Monitor Stand,Home & Office,West,Website,2,59.0,15.0,100.3,56.0,32.21,12.09,3,No
O101842,2025-01-15,C10359,Webcam,Electronics,Southeast,Website,2,69.0,0.0,138.0,72.0,53.71,12.29,1,No
O100397,2025-01-15,C10419,Hiking Backpack,Outdoor,Midwest,Marketplace,2,119.0,17.0,197.54,122.0,62.29,13.25,6,No
O100793,2025-01-15,C10543,Camping Lantern,Outdoor,Midwest,Website,1,45.0,5.0,42.75,22.0,12.48,8.27,5,No
O101745,2025-01-15,C10233,USB-C Hub,Electronics,Midwest,Mobile App,1,39.0,10.0,35.1,20.0,5.24,9.86,4,No
O101334,2025-01-15,C10165,Bluetooth Speaker,Electronics,Midwest,Mobile App,3,65.0,0.0,195.0,102.0,79.71,13.29,4,No
O100535,2025-01-15,C10315,Monitor Stand,Home & Office,West,Marketplace,1,59.0,12.0,51.92,28.0,11.92,12.0,7,No
O100503,2025-01-15,C10202,Desk Lamp,Home & Office,Northeast,Website,2,35.0,10.0,63.0,32.0,16.83,14.17,3,No
O100404,2025-01-16,C10583,Hiking Backpack,Outdoor,Northeast,Website,1,119.0,5.0,113.05,61.0,44.05,8.0,3,No
O100351,2025-01-16,C10149,Desk Lamp,Home & Office,Southwest,Website,1,35.0,10.0,31.5,16.0,4.88,10.62,3,No
O101259,2025-01-17,C10562,Bluetooth Speaker,Electronics,West,Mobile App,1,65.0,20.0,52.0,34.0,5.0,13.0,3,No
O100282,2025-01-17,C10084,Desk Lamp,Home & Office,Northeast,Website,2,35.0,10.0,63.0,32.0,19.4,11.6,4,No
O100527,2025-01-17,C10038,Office Chair,Home & Office,Southeast,Website,1,189.0,30.0,132.3,105.0,18.51,8.79,3,No
O101069,2025-01-17,C10178,Business Strategy Book,Books & Media,Southwest,Website,1,44.0,0.0,44.0,19.0,13.67,11.33,3,No
O100267,2025-01-17,C10032,Camping Lantern,Outdoor,Midwest,Website,1,45.0,15.0,38.25,22.0,5.34,10.91,3,No
O100412,2025-01-17,C10548,Desk Lamp,Home & Office,Southwest,Website,1,35.0,5.0,33.25,16.0,9.35,7.9,3,No
O101846,2025-01-17,C10092,Rain Jacket,Apparel,Southwest,Website,1,99.0,0.0,99.0,48.0,41.15,9.85,5,No
O101905,2025-01-18,C10040,Mechanical Keyboard,Electronics,Midwest,Website,1,95.0,15.0,80.75,51.0,21.07,8.68,5,No
O101156,2025-01-18,C10149,Monitor Stand,Home & Office,West,Website,1,59.0,5.0,56.05,28.0,14.23,13.82,5,No
O100708,2025-01-18,C10016,Camping Chair,Outdoor,Midwest,Mobile App,1,69.0,5.0,65.55,34.0,22.67,8.88,4,No
O100728,2025-01-18,C10528,Camping Lantern,Outdoor,West,Website,1,45.0,0.0,45.0,22.0,10.67,12.33,5,No
O101960,2025-01-18,C10181,Standing Desk,Home & Office,West,Mobile App,1,349.0,15.0,296.65,205.0,78.21,13.44,5,No
O101585,2025-01-19,C10302,Wireless Headphones,Electronics,Southeast,Website,1,79.0,10.0,71.1,42.0,19.85,9.25,3,No
O100905,2025-01-19,C10329,USB-C Hub,Electronics,West,Website,2,39.0,5.0,74.1,40.0,21.24,12.86,3,No
O100694,2025-01-19,C10363,Fleece Jacket,Apparel,Northeast,Website,1,84.0,10.0,75.6,39.0,23.84,12.76,4,No
O100837,2025-01-19,C10411,Monitor Stand,Home & Office,Northeast,Marketplace,1,59.0,17.0,48.97,28.0,10.36,10.61,3,No
O101746,2025-01-19,C10320,Data Analytics Book,Books & Media,Southeast,Marketplace,1,49.0,17.0,40.67,21.0,9.15,10.52,3,No
O101732,2025-01-19,C10253,Fleece Jacket,Apparel,West,Website,2,84.0,10.0,151.2,78.0,64.14,9.06,3,No
O101580,2025-01-20,C10094,Camping Chair,Outdoor,Southeast,Marketplace,1,69.0,22.0,53.82,34.0,6.04,13.78,3,No
O100565,2025-01-20,C10320,Data Analytics Book,Books & Media,Southwest,Mobile App,2,49.0,0.0,98.0,42.0,46.1,9.9,5,No
O100817,2025-01-20,C10206,Webcam,Electronics,West,Marketplace,1,69.0,22.0,53.82,36.0,4.4,13.42,6,No
O101773,2025-01-20,C10641,Fleece Jacket,Apparel,Southeast,Website,1,84.0,10.0,75.6,39.0,16.54,8.72,2,Yes
O101648,2025-01-20,C10144,Data Analytics Book,Books & Media,Midwest,Website,1,49.0,0.0,49.0,21.0,15.38,12.62,2,No
O101492,2025-01-20,C10594,Data Analytics Book,Books & Media,Southeast,Mobile App,1,49.0,15.0,41.65,21.0,8.54,12.11,3,No
O101176,2025-01-20,C10494,Science Book,Books & Media,Midwest,Marketplace,1,39.0,17.0,32.37,16.0,4.63,11.74,6,No
O100292,2025-01-21,C10611,Business Strategy Book,Books & Media,Southwest,Website,1,44.0,5.0,41.8,19.0,8.77,14.03,4,No
O100610,2025-01-21,C10118,Desk Organizer,Home & Office,Southwest,Marketplace,1,24.0,12.0,21.12,10.0,-0.42,11.54,2,No
O101849,2025-01-21,C10238,Performance Shirt,Apparel,Southeast,Website,2,45.0,30.0,63.0,38.0,13.01,11.99,2,No
O100341,2025-01-21,C10130,Monitor Stand,Home & Office,Northeast,Website,1,59.0,25.0,44.25,28.0,5.79,10.46,3,No
O101440,2025-01-21,C10181,Desk Lamp,Home & Office,Southwest,Mobile App,5,35.0,0.0,175.0,80.0,75.49,19.51,3,No
O101767,2025-01-22,C10237,Office Chair,Home & Office,Midwest,Website,2,189.0,5.0,359.1,210.0,136.34,12.76,5,No
O100198,2025-01-22,C10374,Rain Jacket,Apparel,Southeast,Mobile App,1,99.0,5.0,94.05,48.0,32.06,13.99,4,No
O101462,2025-01-22,C10407,Webcam,Electronics,Southeast,Mobile App,2,69.0,0.0,138.0,72.0,55.31,10.69,3,No
O100577,2025-01-22,C10158,Rain Jacket,Apparel,West,Website,1,99.0,0.0,99.0,48.0,41.59,9.41,3,No
O101853,2025-01-22,C10233,Camping Chair,Outdoor,Midwest,Website,1,69.0,0.0,69.0,34.0,24.39,10.61,5,No
O101691,2025-01-23,C10350,Hiking Backpack,Outdoor,Midwest,Mobile App,2,119.0,10.0,214.2,122.0,83.39,8.81,4,No
O100986,2025-01-23,C10555,Mechanical Keyboard,Electronics,Northeast,Marketplace,2,95.0,2.0,186.2,102.0,69.9,14.3,5,No
O101042,2025-01-23,C10052,Insulated Bottle,Outdoor,Southwest,Website,2,32.0,30.0,44.8,28.0,3.42,13.38,5,No
O101965,2025-01-23,C10481,Portable Stove,Outdoor,West,Mobile App,1,74.0,10.0,66.6,37.0,18.99,10.61,4,No
O101166,2025-01-23,C10268,Desk Organizer,Home & Office,Midwest,Website,1,24.0,25.0,18.0,10.0,-3.29,11.29,5,No
O101868,2025-01-23,C10558,Bluetooth Speaker,Electronics,Northeast,Marketplace,2,65.0,17.0,107.9,68.0,31.2,8.7,6,No
O101519,2025-01-23,C10543,Insulated Bottle,Outdoor,Midwest,Mobile App,3,32.0,20.0,76.8,42.0,21.17,13.63,3,No
O100215,2025-01-23,C10309,Mechanical Keyboard,Electronics,Southeast,Website,2,95.0,10.0,171.0,102.0,58.64,10.36,1,No
O101695,2025-01-24,C10390,Hiking Backpack,Outdoor,Northeast,Website,3,119.0,10.0,321.3,183.0,75.12,14.98,3,Yes
O101193,2025-01-24,C10165,Photography Guide,Books & Media,Southeast,Website,4,34.0,10.0,122.4,56.0,54.04,12.36,2,No
O101332,2025-01-24,C10411,Camping Chair,Outdoor,Southeast,Marketplace,1,69.0,7.0,64.17,34.0,19.52,10.65,3,No
O100732,2025-01-24,C10084,Insulated Bottle,Outdoor,West,Marketplace,2,32.0,12.0,56.32,28.0,17.58,10.74,4,No
O101023,2025-01-24,C10283,USB-C Hub,Electronics,West,Website,1,39.0,10.0,35.1,20.0,0.48,14.62,6,No
O100097,2025-01-24,C10443,Hiking Pants,Apparel,Midwest,Mobile App,3,79.0,20.0,189.6,105.0,68.89,15.71,4,No
O101782,2025-01-24,C10524,Hiking Pants,Apparel,Northeast,Marketplace,2,79.0,7.0,146.94,70.0,66.87,10.07,4,No
O101489,2025-01-24,C10514,Hiking Backpack,Outdoor,Southwest,Marketplace,1,119.0,2.0,116.62,61.0,44.57,11.05,7,No
O101146,2025-01-24,C10026,Portable Stove,Outdoor,Northeast,Mobile App,1,74.0,0.0,74.0,37.0,25.01,11.99,1,No
O101671,2025-01-24,C10256,Trail Shoes,Apparel,Northeast,Mobile App,1,129.0,0.0,129.0,68.0,51.42,9.58,2,No
O100690,2025-01-25,C10540,Trail Shoes,Apparel,Southeast,Marketplace,1,129.0,32.0,87.72,68.0,10.12,9.6,6,No
O100104,2025-01-25,C10306,Camping Lantern,Outdoor,West,Website,1,45.0,10.0,40.5,22.0,-0.26,10.76,4,Yes
O100354,2025-01-25,C10545,Webcam,Electronics,Southeast,Mobile App,2,69.0,20.0,110.4,72.0,23.9,14.5,3,No
O101612,2025-01-25,C10101,Webcam,Electronics,Southwest,Marketplace,1,69.0,12.0,60.72,36.0,14.0,10.72,6,No
O100766,2025-01-25,C10131,Monitor Stand,Home & Office,Southwest,Marketplace,2,59.0,7.0,109.74,56.0,39.41,14.33,5,No
O100578,2025-01-25,C10006,Trail Shoes,Apparel,West,Mobile App,1,129.0,15.0,109.65,68.0,30.88,10.77,4,No
O101469,2025-01-25,C10456,Hiking Backpack,Outdoor,Midwest,Website,1,119.0,10.0,107.1,61.0,38.23,7.87,1,No
O101718,2025-01-25,C10152,Wireless Headphones,Electronics,West,Mobile App,1,79.0,5.0,75.05,42.0,23.23,9.82,6,No
O101789,2025-01-25,C10412,Portable Stove,Outdoor,Northeast,Website,3,74.0,20.0,177.6,111.0,55.86,10.74,2,No
O100764,2025-01-26,C10078,Monitor Stand,Home & Office,Midwest,Mobile App,2,59.0,0.0,118.0,56.0,52.03,9.97,2,No
O100989,2025-01-26,C10645,Bluetooth Speaker,Electronics,Southeast,Website,3,65.0,0.0,195.0,102.0,79.42,13.58,2,No
O100695,2025-01-26,C10481,Webcam,Electronics,Northeast,Marketplace,2,69.0,2.0,135.24,72.0,52.71,10.53,4,No
O100968,2025-01-26,C10532,Desk Organizer,Home & Office,West,Website,1,24.0,10.0,21.6,10.0,-0.12,11.72,5,No
O101472,2025-01-26,C10185,Monitor Stand,Home & Office,Southeast,Mobile App,1,59.0,0.0,59.0,28.0,22.11,8.89,1,No
O101693,2025-01-26,C10025,Camping Chair,Outdoor,Southeast,Website,1,69.0,0.0,69.0,34.0,25.13,9.87,3,No
O100875,2025-01-27,C10626,Hiking Backpack,Outdoor,Northeast,Mobile App,2,119.0,15.0,202.3,122.0,68.54,11.76,4,No
O100514,2025-01-27,C10636,Trail Shoes,Apparel,Southeast,Mobile App,2,129.0,0.0,258.0,136.0,108.51,13.49,3,No
O100826,2025-01-27,C10375,Monitor Stand,Home & Office,West,Website,1,59.0,0.0,59.0,28.0,19.18,11.82,3,No
O100563,2025-01-27,C10416,Mechanical Keyboard,Electronics,West,Mobile App,1,95.0,0.0,95.0,51.0,29.04,14.96,4,No
O100031,2025-01-27,C10107,Desk Organizer,Home & Office,Midwest,Website,1,24.0,25.0,18.0,10.0,-4.54,12.54,2,No
O100141,2025-01-27,C10512,USB-C Hub,Electronics,Southwest,Mobile App,2,39.0,10.0,70.2,40.0,19.48,10.72,4,No
O101728,2025-01-28,C10060,Desk Lamp,Home & Office,Northeast,Website,2,35.0,5.0,66.5,32.0,23.97,10.53,3,No
O101911,2025-01-28,C10607,Insulated Bottle,Outdoor,Southwest,Website,2,32.0,0.0,64.0,28.0,24.41,11.59,3,No
O100947,2025-01-28,C10190,Bluetooth Speaker,Electronics,West,Mobile App,1,65.0,15.0,55.25,34.0,13.51,7.74,3,No
O101360,2025-01-28,C10178,Camping Lantern,Outdoor,Midwest,Website,1,45.0,30.0,31.5,22.0,2.11,7.39,2,No
O100287,2025-01-29,C10650,Bluetooth Speaker,Electronics,Northeast,Marketplace,2,65.0,2.0,127.4,68.0,47.05,12.35,4,No
O100546,2025-01-29,C10236,Bluetooth Speaker,Electronics,Northeast,Website,4,65.0,10.0,234.0,136.0,81.75,16.25,4,No
O101363,2025-01-29,C10422,Camping Lantern,Outdoor,Midwest,Website,1,45.0,0.0,45.0,22.0,11.71,11.29,5,No
O101717,2025-01-29,C10361,Webcam,Electronics,Midwest,Website,2,69.0,15.0,117.3,72.0,36.27,9.03,1,No
O100846,2025-01-30,C10478,Programming Book,Books & Media,Midwest,Website,1,59.0,10.0,53.1,25.0,15.25,12.85,5,No
O101699,2025-01-30,C10254,Desk Organizer,Home & Office,West,Website,1,24.0,30.0,16.8,10.0,-4.51,11.31,4,No
O100289,2025-01-30,C10294,Trail Shoes,Apparel,Midwest,Website,2,129.0,0.0,258.0,136.0,108.44,13.56,2,No
O101063,2025-01-30,C10017,Webcam,Electronics,West,Mobile App,2,69.0,15.0,117.3,72.0,30.27,15.03,6,No
O101292,2025-01-30,C10635,Data Analytics Book,Books & Media,Northeast,Website,1,49.0,10.0,44.1,21.0,11.76,11.34,3,No
O100170,2025-01-30,C10146,Office Chair,Home & Office,Midwest,Mobile App,1,189.0,15.0,160.65,105.0,46.05,9.6,6,No
O101400,2025-01-30,C10356,Office Chair,Home & Office,Midwest,Mobile App,3,189.0,5.0,538.65,315.0,208.24,15.41,1,No
O100042,2025-01-30,C10084,Monitor Stand,Home & Office,Southwest,Website,1,59.0,15.0,50.15,28.0,13.86,8.29,3,No
O100057,2025-01-30,C10623,Portable Stove,Outdoor,Southeast,Website,1,74.0,10.0,66.6,37.0,17.21,12.39,3,No
O100913,2025-01-30,C10098,Office Chair,Home & Office,Northeast,Marketplace,2,189.0,7.0,351.54,210.0,127.27,14.27,3,No
O101493,2025-01-31,C10565,Bluetooth Speaker,Electronics,West,Website,1,65.0,20.0,52.0,34.0,8.56,9.44,1,No
O101436,2025-01-31,C10146,Trail Shoes,Apparel,Midwest,Website,2,129.0,25.0,193.5,136.0,44.08,13.42,4,No
O100505,2025-01-31,C10074,Hiking Pants,Apparel,West,Website,3,79.0,20.0,189.6,105.0,39.92,16.24,4,Yes
O101466,2025-01-31,C10146,Insulated Bottle,Outdoor,Southeast,Website,2,32.0,0.0,64.0,28.0,22.52,13.48,5,No
O101183,2025-02-01,C10353,Camping Lantern,Outdoor,West,Website,2,45.0,5.0,85.5,44.0,30.87,10.63,4,No
O100222,2025-02-01,C10466,Office Chair,Home & Office,Southeast,Mobile App,2,189.0,20.0,302.4,210.0,82.58,9.82,4,No
O100156,2025-02-01,C10482,Programming Book,Books & Media,Northeast,Marketplace,1,59.0,2.0,57.82,25.0,16.54,7.6,4,Yes
O100697,2025-02-01,C10332,Bluetooth Speaker,Electronics,Northeast,Website,2,65.0,15.0,110.5,68.0,33.08,9.42,5,No
O100256,2025-02-01,C10072,Trail Shoes,Apparel,Midwest,Website,4,129.0,15.0,438.6,272.0,150.95,15.65,2,No
O100401,2025-02-01,C10472,Webcam,Electronics,Midwest,Mobile App,3,69.0,15.0,175.95,108.0,57.45,10.5,6,No
O101147,2025-02-02,C10423,Desk Lamp,Home & Office,West,Website,5,35.0,15.0,148.75,80.0,52.37,16.38,3,No
O101365,2025-02-02,C10590,Performance Shirt,Apparel,West,Marketplace,1,45.0,2.0,44.1,19.0,11.69,13.41,7,No
O101523,2025-02-02,C10307,Office Chair,Home & Office,West,Website,1,189.0,10.0,170.1,105.0,51.99,13.11,5,No
O100819,2025-02-02,C10241,Hiking Pants,Apparel,Southwest,Marketplace,2,79.0,27.0,115.34,70.0,30.03,15.31,3,No
O101997,2025-02-02,C10116,Camping Lantern,Outdoor,Southeast,Marketplace,4,45.0,7.0,167.4,88.0,63.67,15.73,8,No
O100983,2025-02-02,C10451,Hiking Pants,Apparel,Northeast,Mobile App,1,79.0,15.0,67.15,35.0,19.27,12.88,6,No
O101798,2025-02-02,C10566,Performance Shirt,Apparel,Southwest,Website,2,45.0,0.0,90.0,38.0,40.72,11.28,5,No
O101978,2025-02-02,C10403,Science Book,Books & Media,West,Mobile App,2,39.0,15.0,66.3,32.0,21.47,12.83,3,No
O100799,2025-02-02,C10579,Monitor Stand,Home & Office,Southeast,Mobile App,4,59.0,5.0,224.2,112.0,95.51,16.69,4,No
O101276,2025-02-02,C10097,Desk Lamp,Home & Office,Southeast,Website,1,35.0,5.0,33.25,16.0,6.75,10.5,6,No
O100467,2025-02-03,C10365,Trail Shoes,Apparel,West,Mobile App,3,129.0,25.0,290.25,204.0,68.78,17.47,4,No
O100058,2025-02-03,C10219,Webcam,Electronics,Southwest,Mobile App,1,69.0,10.0,62.1,36.0,11.21,14.89,4,No
O100298,2025-02-03,C10082,Office Chair,Home & Office,Southeast,Website,1,189.0,10.0,170.1,105.0,53.82,11.28,4,No
O101605,2025-02-03,C10629,Hiking Pants,Apparel,West,Marketplace,2,79.0,12.0,139.04,70.0,59.7,9.34,5,No
O100225,2025-02-04,C10142,Desk Lamp,Home & Office,Southwest,Website,3,35.0,5.0,99.75,48.0,36.3,15.45,4,No
O100949,2025-02-04,C10093,Fleece Jacket,Apparel,Southeast,Marketplace,4,84.0,22.0,262.08,156.0,88.71,17.37,6,No
O101824,2025-02-04,C10350,Performance Shirt,Apparel,Midwest,Website,1,45.0,0.0,45.0,19.0,15.69,10.31,4,No
O100028,2025-02-05,C10221,Trail Shoes,Apparel,Southeast,Mobile App,2,129.0,0.0,258.0,136.0,71.13,12.17,2,Yes
O100775,2025-02-05,C10007,Trail Shoes,Apparel,Southeast,Mobile App,1,129.0,10.0,116.1,68.0,40.19,7.91,6,No
O101008,2025-02-05,C10541,Business Strategy Book,Books & Media,Southeast,Mobile App,1,44.0,5.0,41.8,19.0,12.84,9.96,3,No
O101053,2025-02-05,C10397,Webcam,Electronics,Northeast,Mobile App,2,69.0,0.0,138.0,72.0,57.25,8.75,2,No
O100526,2025-02-05,C10170,Fleece Jacket,Apparel,Midwest,Marketplace,2,84.0,12.0,147.84,78.0,55.16,14.68,3,No
O100926,2025-02-06,C10330,Insulated Bottle,Outdoor,Southwest,Website,1,32.0,25.0,24.0,14.0,-1.78,11.78,5,No
O100163,2025-02-06,C10215,Standing Desk,Home & Office,West,Mobile App,1,349.0,10.0,314.1,205.0,51.14,10.84,2,Yes
O101610,2025-02-06,C10294,Mechanical Keyboard,Electronics,West,Website,1,95.0,15.0,80.75,51.0,15.35,14.4,4,No
O101346,2025-02-06,C10011,Rain Jacket,Apparel,Southwest,Website,1,99.0,25.0,74.25,48.0,17.51,8.74,1,No
O100365,2025-02-06,C10265,Monitor Stand,Home & Office,West,Website,1,59.0,0.0,59.0,28.0,20.93,10.07,4,No
O101563,2025-02-06,C10069,Desk Lamp,Home & Office,Midwest,Marketplace,3,35.0,12.0,92.4,48.0,33.49,10.91,5,No
O100543,2025-02-07,C10010,Insulated Bottle,Outdoor,Southeast,Website,3,32.0,0.0,96.0,42.0,38.06,15.94,3,No
O100453,2025-02-07,C10331,Bluetooth Speaker,Electronics,Northeast,Marketplace,5,65.0,7.0,302.25,170.0,117.87,14.38,4,No
O100721,2025-02-07,C10044,Business Strategy Book,Books & Media,Midwest,Website,1,44.0,10.0,39.6,19.0,11.38,9.22,3,No
O100621,2025-02-07,C10135,Rain Jacket,Apparel,West,Mobile App,3,99.0,0.0,297.0,144.0,138.12,14.88,5,No
O100493,2025-02-08,C10317,Standing Desk,Home & Office,West,Website,2,349.0,5.0,663.1,410.0,237.91,15.19,5,No
O101165,2025-02-08,C10423,Portable Stove,Outdoor,Southeast,Marketplace,1,74.0,7.0,68.82,37.0,21.44,10.38,4,No
O101190,2025-02-09,C10444,USB-C Hub,Electronics,Northeast,Website,1,39.0,5.0,37.05,20.0,-0.12,9.17,4,Yes
O100444,2025-02-09,C10143,Desk Organizer,Home & Office,West,Website,1,24.0,0.0,24.0,10.0,6.2,7.8,2,No
O100841,2025-02-09,C10171,Hiking Backpack,Outdoor,Northeast,Mobile App,2,119.0,10.0,214.2,122.0,79.77,12.43,3,No
O100161,2025-02-09,C10138,Wireless Headphones,Electronics,Midwest,Website,1,79.0,10.0,71.1,42.0,19.92,9.18,1,No
O101319,2025-02-09,C10274,Insulated Bottle,Outdoor,Northeast,Website,1,32.0,10.0,28.8,14.0,6.0,8.8,5,No
O100760,2025-02-10,C10366,Trail Shoes,Apparel,Southwest,Website,4,129.0,10.0,464.4,272.0,173.49,18.91,5,No
O100586,2025-02-10,C10564,Rain Jacket,Apparel,Northeast,Website,1,99.0,25.0,74.25,48.0,13.06,13.19,6,No
O101984,2025-02-10,C10088,Insulated Bottle,Outdoor,West,Website,1,32.0,15.0,27.2,14.0,4.85,8.35,4,No
O100350,2025-02-11,C10165,USB-C Hub,Electronics,Midwest,Website,1,39.0,10.0,35.1,20.0,5.36,9.74,5,No
O101802,2025-02-11,C10055,Monitor Stand,Home & Office,Southwest,Website,3,59.0,25.0,132.75,84.0,38.27,10.48,4,No
O101480,2025-02-11,C10441,Camping Chair,Outdoor,Southeast,Website,1,69.0,10.0,62.1,34.0,8.45,10.34,2,Yes
O101826,2025-02-11,C10140,Performance Shirt,Apparel,Midwest,Website,1,45.0,5.0,42.75,19.0,12.3,11.45,5,No
O100538,2025-02-12,C10556,Office Chair,Home & Office,Midwest,Mobile App,2,189.0,15.0,321.3,210.0,98.63,12.67,4,No
O100653,2025-02-12,C10627,Standing Desk,Home & Office,Southeast,Website,1,349.0,5.0,331.55,205.0,118.87,7.68,5,No
O100329,2025-02-12,C10292,Desk Lamp,Home & Office,Southwest,Website,4,35.0,10.0,126.0,64.0,46.97,15.03,3,No
O101228,2025-02-12,C10239,Standing Desk,Home & Office,Northeast,Website,1,349.0,0.0,349.0,205.0,131.85,12.15,4,No
O100037,2025-02-12,C10611,Rain Jacket,Apparel,Southeast,Marketplace,1,99.0,12.0,87.12,48.0,27.81,11.31,5,No
O100384,2025-02-13,C10584,Bluetooth Speaker,Electronics,Southwest,Mobile App,3,65.0,15.0,165.75,102.0,52.97,10.78,4,No
O101871,2025-02-13,C10562,Office Chair,Home & Office,Southeast,Mobile App,1,189.0,10.0,170.1,105.0,53.0,12.1,3,No
O101262,2025-02-13,C10467,Mechanical Keyboard,Electronics,West,Website,1,95.0,20.0,76.0,51.0,11.58,13.42,3,No
O100323,2025-02-13,C10195,Performance Shirt,Apparel,Midwest,Website,1,45.0,20.0,36.0,19.0,6.4,10.6,3,No
O101795,2025-02-13,C10542,Camping Lantern,Outdoor,West,Website,1,45.0,15.0,38.25,22.0,4.88,11.37,3,No
O100229,2025-02-13,C10370,Business Strategy Book,Books & Media,Northeast,Website,1,44.0,25.0,33.0,19.0,5.61,8.39,2,No
O101268,2025-02-13,C10520,Monitor Stand,Home & Office,Southwest,Website,1,59.0,0.0,59.0,28.0,18.1,12.9,5,No
O100413,2025-02-13,C10492,Camping Chair,Outdoor,Southwest,Website,2,69.0,0.0,138.0,68.0,55.03,14.97,5,No
O101593,2025-02-14,C10574,Monitor Stand,Home & Office,West,Website,1,59.0,0.0,59.0,28.0,21.73,9.27,4,No
O100059,2025-02-14,C10505,Trail Shoes,Apparel,West,Website,1,129.0,25.0,96.75,68.0,18.95,9.8,4,No
O100834,2025-02-14,C10371,Monitor Stand,Home & Office,West,Website,2,59.0,20.0,94.4,56.0,24.19,14.21,5,No
O101218,2025-02-14,C10336,Performance Shirt,Apparel,Southwest,Mobile App,2,45.0,5.0,85.5,38.0,36.08,11.42,2,No
O100714,2025-02-14,C10484,Wireless Headphones,Electronics,West,Website,2,79.0,5.0,150.1,84.0,52.31,13.79,4,No
O100123,2025-02-14,C10085,Rain Jacket,Apparel,Northeast,Mobile App,1,99.0,10.0,89.1,48.0,31.26,9.84,2,No
O100234,2025-02-14,C10587,Mechanical Keyboard,Electronics,Southeast,Marketplace,1,95.0,17.0,78.85,51.0,18.89,8.96,4,No
O101386,2025-02-15,C10392,Hiking Backpack,Outdoor,Southeast,Website,2,119.0,0.0,238.0,122.0,107.01,8.99,3,No
O100309,2025-02-15,C10140,Standing Desk,Home & Office,Southeast,Website,1,349.0,0.0,349.0,205.0,130.47,13.53,4,No
O100680,2025-02-15,C10450,Standing Desk,Home & Office,West,Mobile App,2,349.0,10.0,628.2,410.0,201.96,16.24,6,No
O100552,2025-02-15,C10501,Webcam,Electronics,West,Website,2,69.0,15.0,117.3,72.0,29.8,15.5,2,No
O100888,2025-02-15,C10219,Desk Organizer,Home & Office,West,Marketplace,1,24.0,2.0,23.52,10.0,0.16,13.36,5,No
O100389,2025-02-16,C10084,Wireless Headphones,Electronics,Southwest,Mobile App,1,79.0,10.0,71.1,42.0,14.93,14.17,5,No
O101888,2025-02-16,C10222,Mechanical Keyboard,Electronics,Midwest,Marketplace,1,95.0,17.0,78.85,51.0,16.39,11.46,3,No
O101416,2025-02-16,C10599,Fleece Jacket,Apparel,West,Website,1,84.0,0.0,84.0,39.0,33.65,11.35,1,No
O100219,2025-02-16,C10348,Mechanical Keyboard,Electronics,West,Mobile App,1,95.0,30.0,66.5,51.0,7.3,8.2,5,No
O101025,2025-02-16,C10024,Standing Desk,Home & Office,Southeast,Website,2,349.0,5.0,663.1,410.0,243.88,9.22,6,No
O100027,2025-02-17,C10250,Mechanical Keyboard,Electronics,Northeast,Website,1,95.0,15.0,80.75,51.0,22.09,7.66,4,No
O101067,2025-02-17,C10577,Camping Chair,Outdoor,Southeast,Mobile App,2,69.0,20.0,110.4,68.0,28.29,14.11,5,No
O100056,2025-02-17,C10026,Insulated Bottle,Outdoor,Southeast,Marketplace,1,32.0,17.0,26.56,14.0,-7.94,12.5,5,Yes
O100674,2025-02-17,C10276,Performance Shirt,Apparel,West,Website,1,45.0,15.0,38.25,19.0,11.19,8.06,3,No
O101455,2025-02-17,C10115,Rain Jacket,Apparel,Midwest,Mobile App,3,99.0,10.0,267.3,144.0,107.68,15.62,2,No
O100887,2025-02-17,C10231,Mechanical Keyboard,Electronics,Northeast,Marketplace,4,95.0,12.0,334.4,204.0,118.85,11.55,4,No
O100859,2025-02-17,C10027,Bluetooth Speaker,Electronics,Southeast,Website,2,65.0,10.0,117.0,68.0,36.9,12.1,5,No
O101662,2025-02-17,C10071,Hiking Backpack,Outdoor,Midwest,Website,1,119.0,0.0,119.0,61.0,45.47,12.53,4,No
O101510,2025-02-18,C10541,Webcam,Electronics,West,Marketplace,2,69.0,12.0,121.44,72.0,36.08,13.36,7,No
O101839,2025-02-18,C10393,Webcam,Electronics,West,Website,2,69.0,5.0,131.1,72.0,22.98,16.46,4,Yes
O101006,2025-02-18,C10089,USB-C Hub,Electronics,Northeast,Website,4,39.0,5.0,148.2,80.0,29.68,16.29,3,Yes
O100269,2025-02-18,C10277,Desk Organizer,Home & Office,Southeast,Marketplace,1,24.0,2.0,23.52,10.0,-0.51,14.03,4,No
O101385,2025-02-19,C10473,Portable Stove,Outdoor,Southeast,Mobile App,1,74.0,5.0,70.3,37.0,23.11,10.19,5,No
O101645,2025-02-19,C10603,Monitor Stand,Home & Office,West,Mobile App,1,59.0,10.0,53.1,28.0,15.88,9.22,3,No
O101864,2025-02-19,C10555,Trail Shoes,Apparel,West,Website,1,129.0,25.0,96.75,68.0,19.48,9.27,3,No
O100598,2025-02-19,C10121,Data Analytics Book,Books & Media,Southwest,Mobile App,1,49.0,5.0,46.55,21.0,17.15,8.4,4,No
O101867,2025-02-19,C10250,Business Strategy Book,Books & Media,West,Website,4,44.0,20.0,140.8,76.0,46.95,17.85,4,No
O101062,2025-02-20,C10276,Desk Organizer,Home & Office,Southeast,Website,2,24.0,15.0,40.8,20.0,6.19,14.61,3,No
O100611,2025-02-20,C10308,Insulated Bottle,Outdoor,Southeast,Website,1,32.0,10.0,28.8,14.0,3.51,11.29,2,No
O101991,2025-02-20,C10140,Standing Desk,Home & Office,Midwest,Website,5,349.0,5.0,1657.75,1025.0,617.72,15.03,2,No
O101878,2025-02-21,C10323,Wireless Headphones,Electronics,West,Marketplace,1,79.0,7.0,73.47,42.0,21.98,9.49,6,No
O101591,2025-02-21,C10397,Desk Organizer,Home & Office,Southwest,Marketplace,1,24.0,7.0,22.32,10.0,-3.78,8.1,4,Yes
O101890,2025-02-21,C10369,Fleece Jacket,Apparel,Southeast,Website,1,84.0,15.0,71.4,39.0,18.52,13.88,2,No
O101253,2025-02-21,C10631,Business Strategy Book,Books & Media,Southeast,Website,2,44.0,0.0,88.0,38.0,26.6,10.2,2,Yes
O100787,2025-02-21,C10145,Fleece Jacket,Apparel,Midwest,Mobile App,2,84.0,5.0,159.6,78.0,68.37,13.23,4,No
O101387,2025-02-21,C10606,Trail Shoes,Apparel,West,Website,1,129.0,0.0,129.0,68.0,51.43,9.57,6,No
O101479,2025-02-22,C10384,Portable Stove,Outdoor,Midwest,Website,1,74.0,0.0,74.0,37.0,25.4,11.6,6,No
O100394,2025-02-22,C10063,Camping Lantern,Outdoor,Southeast,Marketplace,1,45.0,27.0,32.85,22.0,2.85,8.0,6,No
O100912,2025-02-22,C10609,Performance Shirt,Apparel,West,Website,2,45.0,10.0,81.0,38.0,27.55,15.45,3,No
O100868,2025-02-22,C10279,Camping Chair,Outdoor,Midwest,Marketplace,1,69.0,2.0,67.62,34.0,22.74,10.88,7,No
O101111,2025-02-22,C10448,Portable Stove,Outdoor,Southwest,Website,2,74.0,30.0,103.6,74.0,13.38,16.22,4,No
O101550,2025-02-22,C10085,Portable Stove,Outdoor,Southwest,Website,3,74.0,5.0,210.9,111.0,83.72,16.18,3,No
O101453,2025-02-23,C10309,Fleece Jacket,Apparel,Midwest,Mobile App,1,84.0,15.0,71.4,39.0,24.86,7.54,5,No
O100495,2025-02-23,C10499,Standing Desk,Home & Office,Northeast,Mobile App,2,349.0,0.0,698.0,410.0,172.25,11.05,2,Yes
O100364,2025-02-23,C10099,Rain Jacket,Apparel,Midwest,Website,1,99.0,25.0,74.25,48.0,17.76,8.49,3,No
O101287,2025-02-23,C10341,Wireless Headphones,Electronics,Southeast,Website,1,79.0,10.0,71.1,42.0,19.87,9.23,3,No
O101298,2025-02-23,C10052,Webcam,Electronics,West,Website,2,69.0,0.0,138.0,72.0,55.88,10.12,4,No
O101644,2025-02-23,C10297,Hiking Backpack,Outdoor,Midwest,Marketplace,1,119.0,12.0,104.72,61.0,32.27,11.45,5,No
O100810,2025-02-24,C10644,Webcam,Electronics,West,Mobile App,1,69.0,0.0,69.0,36.0,24.89,8.11,4,No
O101873,2025-02-24,C10140,Data Analytics Book,Books & Media,Southwest,Website,1,49.0,20.0,39.2,21.0,3.48,14.72,4,No
O101636,2025-02-24,C10334,Science Book,Books & Media,Midwest,Mobile App,2,39.0,15.0,66.3,32.0,22.8,11.5,5,No
O101635,2025-02-24,C10236,Standing Desk,Home & Office,Midwest,Mobile App,1,349.0,10.0,314.1,205.0,98.79,10.31,3,No
O100114,2025-02-24,C10169,Camping Chair,Outdoor,West,Mobile App,1,69.0,10.0,62.1,34.0,16.7,11.4,4,No
O101841,2025-02-25,C10595,Portable Stove,Outdoor,Southwest,Website,2,74.0,10.0,133.2,74.0,44.42,14.78,2,No
O101031,2025-02-25,C10066,Office Chair,Home & Office,Midwest,Website,1,189.0,10.0,170.1,105.0,56.77,8.33,2,No
O101560,2025-02-25,C10244,Performance Shirt,Apparel,Midwest,Mobile App,2,45.0,10.0,81.0,38.0,33.02,9.98,2,No
O101164,2025-02-25,C10129,Desk Lamp,Home & Office,Southeast,Marketplace,1,35.0,7.0,32.55,16.0,3.08,13.47,6,No
O101697,2025-02-25,C10033,Portable Stove,Outdoor,Northeast,Mobile App,2,74.0,20.0,118.4,74.0,32.77,11.63,4,No
O100468,2025-02-25,C10523,Trail Shoes,Apparel,Southwest,Website,1,129.0,10.0,116.1,68.0,21.37,9.31,4,Yes
O100550,2025-02-25,C10345,Bluetooth Speaker,Electronics,Northeast,Mobile App,2,65.0,10.0,117.0,68.0,38.61,10.39,4,No
O101238,2025-02-25,C10449,Monitor Stand,Home & Office,West,Marketplace,1,59.0,22.0,46.02,28.0,9.67,8.35,6,No
O101994,2025-02-25,C10563,Webcam,Electronics,Southeast,Website,1,69.0,0.0,69.0,36.0,24.31,8.69,6,No
O100509,2025-02-25,C10192,Photography Guide,Books & Media,Southwest,Website,2,34.0,10.0,61.2,28.0,20.06,13.14,5,No
O100770,2025-02-25,C10446,Data Analytics Book,Books & Media,West,Mobile App,1,49.0,10.0,44.1,21.0,10.95,12.15,5,No
O101640,2025-02-26,C10492,Mechanical Keyboard,Electronics,West,Mobile App,1,95.0,25.0,71.25,51.0,11.94,8.31,6,No
O101281,2025-02-26,C10050,Desk Lamp,Home & Office,Southeast,Mobile App,1,35.0,10.0,31.5,16.0,-3.62,11.12,4,Yes
O101413,2025-02-27,C10362,Fleece Jacket,Apparel,Northeast,Mobile App,2,84.0,10.0,151.2,78.0,59.19,14.01,2,No
O100880,2025-02-27,C10171,Standing Desk,Home & Office,Southeast,Website,4,349.0,15.0,1186.6,820.0,352.91,13.69,2,No
O100197,2025-02-27,C10126,Wireless Headphones,Electronics,Northeast,Marketplace,1,79.0,12.0,69.52,42.0,15.23,12.29,5,No
O100044,2025-02-28,C10364,Webcam,Electronics,Southeast,Website,3,69.0,5.0,196.65,108.0,74.85,13.8,1,No
O101380,2025-02-28,C10317,Office Chair,Home & Office,West,Marketplace,1,189.0,7.0,175.77,105.0,61.46,9.31,7,No
O101507,2025-02-28,C10024,Camping Lantern,Outdoor,Southeast,Mobile App,1,45.0,10.0,40.5,22.0,6.93,11.57,2,No
O101862,2025-02-28,C10314,Portable Stove,Outdoor,Northeast,Mobile App,2,74.0,0.0,148.0,74.0,62.3,11.7,2,No
O100203,2025-03-01,C10557,Bluetooth Speaker,Electronics,Midwest,Mobile App,1,65.0,15.0,55.25,34.0,9.56,11.69,5,No
O100830,2025-03-01,C10198,USB-C Hub,Electronics,West,Website,1,39.0,0.0,39.0,20.0,8.05,10.95,4,No
O101283,2025-03-01,C10326,Rain Jacket,Apparel,Northeast,Website,1,99.0,0.0,99.0,48.0,43.42,7.58,2,No
O100814,2025-03-01,C10150,Camping Lantern,Outdoor,West,Website,1,45.0,20.0,36.0,22.0,-5.05,11.05,4,Yes
O101502,2025-03-01,C10648,USB-C Hub,Electronics,West,Mobile App,1,39.0,5.0,37.05,20.0,3.58,13.47,3,No
O100711,2025-03-01,C10229,Camping Lantern,Outdoor,West,Website,1,45.0,10.0,40.5,22.0,7.88,10.62,1,No
O101071,2025-03-01,C10199,Standing Desk,Home & Office,Midwest,Website,1,349.0,0.0,349.0,205.0,134.24,9.76,3,No
O100217,2025-03-01,C10249,USB-C Hub,Electronics,Midwest,Marketplace,2,39.0,17.0,64.74,40.0,13.97,10.77,6,No
O100602,2025-03-01,C10239,Wireless Headphones,Electronics,Southeast,Marketplace,1,79.0,7.0,73.47,42.0,19.02,12.45,6,No
O100784,2025-03-01,C10195,Data Analytics Book,Books & Media,Midwest,Marketplace,1,49.0,12.0,43.12,21.0,11.52,10.6,5,No
O101208,2025-03-01,C10559,Wireless Headphones,Electronics,West,Marketplace,1,79.0,2.0,77.42,42.0,25.05,10.37,4,No
O100314,2025-03-01,C10056,Hiking Backpack,Outdoor,Southeast,Website,1,119.0,30.0,83.3,61.0,8.69,13.61,4,No
O101148,2025-03-02,C10101,Desk Lamp,Home & Office,Southwest,Website,2,35.0,5.0,66.5,32.0,25.07,9.43,4,No
O100607,2025-03-02,C10053,Desk Organizer,Home & Office,Southwest,Website,1,24.0,30.0,16.8,10.0,-11.33,10.13,4,Yes
O101939,2025-03-02,C10251,Hiking Pants,Apparel,West,Mobile App,3,79.0,20.0,189.6,105.0,70.27,14.33,5,No
O101584,2025-03-02,C10505,Photography Guide,Books & Media,Midwest,Website,1,34.0,20.0,27.2,14.0,2.74,10.46,3,No
O101892,2025-03-02,C10456,Desk Organizer,Home & Office,Southwest,Website,1,24.0,0.0,24.0,10.0,-0.52,14.52,3,No
O100957,2025-03-02,C10363,Portable Stove,Outdoor,Northeast,Website,1,74.0,0.0,74.0,37.0,27.15,9.85,2,No
O100316,2025-03-02,C10542,Rain Jacket,Apparel,Midwest,Marketplace,2,99.0,17.0,164.34,96.0,57.9,10.44,6,No
O100366,2025-03-02,C10191,Rain Jacket,Apparel,Northeast,Marketplace,1,99.0,22.0,77.22,48.0,9.45,8.19,1,Yes
O101422,2025-03-03,C10649,Camping Lantern,Outdoor,Northeast,Mobile App,1,45.0,30.0,31.5,22.0,-0.67,10.17,1,No
O100840,2025-03-03,C10634,Standing Desk,Home & Office,West,Website,3,349.0,0.0,1047.0,615.0,420.97,11.03,5,No
O101423,2025-03-03,C10413,Webcam,Electronics,West,Mobile App,1,69.0,10.0,62.1,36.0,7.41,9.37,2,Yes
O101498,2025-03-03,C10604,Portable Stove,Outdoor,Southeast,Website,1,74.0,25.0,55.5,37.0,6.66,11.84,3,No
O100240,2025-03-03,C10556,Mechanical Keyboard,Electronics,Southwest,Marketplace,2,95.0,2.0,186.2,102.0,42.5,13.77,4,Yes
O101030,2025-03-03,C10460,Portable Stove,Outdoor,Southeast,Website,1,74.0,5.0,70.3,37.0,25.4,7.9,5,No
O100723,2025-03-03,C10257,Portable Stove,Outdoor,Southwest,Website,1,74.0,10.0,66.6,37.0,18.75,10.85,4,No
O100277,2025-03-03,C10117,Desk Lamp,Home & Office,Southeast,Marketplace,4,35.0,7.0,130.2,64.0,49.71,16.49,5,No
O101551,2025-03-03,C10351,Portable Stove,Outdoor,Northeast,Marketplace,1,74.0,22.0,57.72,37.0,10.5,10.22,5,No
O100308,2025-03-03,C10114,Data Analytics Book,Books & Media,Midwest,Website,2,49.0,15.0,83.3,42.0,26.71,14.59,4,No
O100202,2025-03-03,C10398,Photography Guide,Books & Media,West,Website,1,34.0,0.0,34.0,14.0,6.56,13.44,3,No
O100700,2025-03-03,C10360,Office Chair,Home & Office,Southwest,Mobile App,4,189.0,0.0,756.0,420.0,318.25,17.75,3,No
O100580,2025-03-03,C10309,Hiking Backpack,Outdoor,Southeast,Mobile App,2,119.0,0.0,238.0,122.0,106.22,9.78,5,No
O101823,2025-03-04,C10085,Trail Shoes,Apparel,Midwest,Website,4,129.0,5.0,490.2,272.0,132.11,12.56,1,Yes
O100428,2025-03-04,C10116,Desk Organizer,Home & Office,West,Mobile App,2,24.0,10.0,43.2,20.0,7.07,16.13,4,No
O101313,2025-03-04,C10031,Fleece Jacket,Apparel,West,Mobile App,1,84.0,5.0,79.8,39.0,26.76,14.04,5,No
O100722,2025-03-05,C10013,Desk Organizer,Home & Office,Midwest,Website,2,24.0,10.0,43.2,20.0,12.22,10.98,3,No
O101834,2025-03-05,C10447,Insulated Bottle,Outdoor,Southeast,Mobile App,1,32.0,25.0,24.0,14.0,2.5,7.5,3,No
O101194,2025-03-05,C10319,Performance Shirt,Apparel,West,Website,1,45.0,0.0,45.0,19.0,11.76,14.24,4,No
O100164,2025-03-05,C10050,Webcam,Electronics,Southeast,Website,1,69.0,30.0,48.3,36.0,-0.13,12.43,6,No
O100704,2025-03-05,C10570,Bluetooth Speaker,Electronics,Southeast,Website,2,65.0,0.0,130.0,68.0,49.44,12.56,1,No
O100332,2025-03-06,C10569,Desk Lamp,Home & Office,Southwest,Mobile App,1,35.0,0.0,35.0,16.0,7.28,11.72,6,No
O101567,2025-03-06,C10482,Camping Chair,Outdoor,Southwest,Marketplace,2,69.0,2.0,135.24,68.0,52.99,14.25,3,No
O101845,2025-03-06,C10227,Camping Chair,Outdoor,Southeast,Website,1,69.0,20.0,55.2,34.0,7.27,13.93,3,No
O100742,2025-03-06,C10008,Wireless Headphones,Electronics,Southeast,Website,2,79.0,15.0,134.3,84.0,37.74,12.56,4,No
O100108,2025-03-06,C10049,Webcam,Electronics,Southeast,Website,3,69.0,15.0,175.95,108.0,53.4,14.55,3,No
O100513,2025-03-06,C10004,Performance Shirt,Apparel,West,Website,1,45.0,25.0,33.75,19.0,-7.2,13.95,5,Yes
O100362,2025-03-06,C10158,Performance Shirt,Apparel,West,Mobile App,5,45.0,5.0,213.75,95.0,105.07,13.68,4,No
O100180,2025-03-07,C10308,Webcam,Electronics,Midwest,Website,1,69.0,20.0,55.2,36.0,9.74,9.46,3,No
O100639,2025-03-07,C10289,Desk Organizer,Home & Office,West,Mobile App,1,24.0,0.0,24.0,10.0,0.82,13.18,3,No
O101275,2025-03-07,C10061,Fleece Jacket,Apparel,Southwest,Website,1,84.0,10.0,75.6,39.0,22.52,14.08,3,No
O100140,2025-03-07,C10618,Programming Book,Books & Media,West,Website,1,59.0,5.0,56.05,25.0,9.74,12.9,4,Yes
O100144,2025-03-07,C10625,Bluetooth Speaker,Electronics,West,Website,4,65.0,10.0,234.0,136.0,85.18,12.82,5,No
O101686,2025-03-08,C10079,Fleece Jacket,Apparel,Midwest,Marketplace,1,84.0,12.0,73.92,39.0,21.97,12.95,3,No
O101565,2025-03-08,C10589,Desk Lamp,Home & Office,Southeast,Website,2,35.0,0.0,70.0,32.0,27.88,10.12,3,No
O101540,2025-03-08,C10428,Portable Stove,Outdoor,Southeast,Mobile App,1,74.0,10.0,66.6,37.0,20.88,8.72,3,No
O100727,2025-03-09,C10486,Photography Guide,Books & Media,Midwest,Website,1,34.0,10.0,30.6,14.0,6.15,10.45,3,No
O101791,2025-03-10,C10303,Data Analytics Book,Books & Media,Northeast,Website,1,49.0,0.0,49.0,21.0,16.76,11.24,4,No
O101815,2025-03-10,C10006,Desk Lamp,Home & Office,Southwest,Website,2,35.0,10.0,63.0,32.0,18.51,12.49,3,No
O101161,2025-03-10,C10406,Desk Organizer,Home & Office,Southeast,Mobile App,1,24.0,0.0,24.0,10.0,0.95,13.05,4,No
O100016,2025-03-10,C10323,Desk Lamp,Home & Office,Southwest,Website,3,35.0,25.0,78.75,48.0,20.04,10.71,5,No
O100761,2025-03-11,C10568,Standing Desk,Home & Office,Southwest,Marketplace,1,349.0,12.0,307.12,205.0,94.49,7.63,5,No
O101477,2025-03-11,C10427,Wireless Headphones,Electronics,Southwest,Mobile App,2,79.0,0.0,158.0,84.0,61.38,12.62,2,No
O100492,2025-03-11,C10335,Bluetooth Speaker,Electronics,West,Website,2,65.0,10.0,117.0,68.0,35.16,13.84,3,No
O101547,2025-03-11,C10348,USB-C Hub,Electronics,Southwest,Website,5,39.0,5.0,185.25,100.0,71.17,14.08,2,No
O101167,2025-03-11,C10642,Desk Lamp,Home & Office,West,Website,1,35.0,10.0,31.5,16.0,4.15,11.35,2,No
O100596,2025-03-12,C10304,Programming Book,Books & Media,Midwest,Website,1,59.0,5.0,56.05,25.0,23.35,7.7,5,No
O100751,2025-03-12,C10007,Standing Desk,Home & Office,Midwest,Website,1,349.0,30.0,244.3,205.0,27.23,12.07,4,No
O100054,2025-03-12,C10433,Portable Stove,Outdoor,Northeast,Website,1,74.0,0.0,74.0,37.0,26.86,10.14,5,No
O101465,2025-03-12,C10174,Photography Guide,Books & Media,Southwest,Mobile App,1,34.0,0.0,34.0,14.0,10.56,9.44,4,No
O101087,2025-03-12,C10221,Standing Desk,Home & Office,Northeast,Mobile App,1,349.0,15.0,296.65,205.0,81.3,10.35,4,No
O100677,2025-03-12,C10198,Webcam,Electronics,Southeast,Website,1,69.0,5.0,65.55,36.0,20.93,8.62,1,No
O101792,2025-03-13,C10210,Data Analytics Book,Books & Media,Southwest,Website,1,49.0,15.0,41.65,21.0,5.62,15.03,4,No
O101348,2025-03-13,C10158,Wireless Headphones,Electronics,Southeast,Website,1,79.0,15.0,67.15,42.0,16.67,8.48,6,No
O101744,2025-03-13,C10032,Performance Shirt,Apparel,Northeast,Website,1,45.0,20.0,36.0,19.0,-0.82,9.82,3,Yes
O101504,2025-03-13,C10192,Desk Lamp,Home & Office,Southeast,Mobile App,2,35.0,0.0,70.0,32.0,22.85,15.15,5,No
O101055,2025-03-14,C10144,Portable Stove,Outdoor,Southeast,Website,1,74.0,0.0,74.0,37.0,26.33,10.67,2,No
O101689,2025-03-14,C10508,Mechanical Keyboard,Electronics,Northeast,Website,1,95.0,0.0,95.0,51.0,30.82,13.18,2,No
O101883,2025-03-14,C10264,Mechanical Keyboard,Electronics,Southeast,Mobile App,2,95.0,10.0,171.0,102.0,55.41,13.59,3,No
O101652,2025-03-14,C10645,Hiking Backpack,Outdoor,Southeast,Website,3,119.0,10.0,321.3,183.0,123.75,14.55,2,No
O100972,2025-03-15,C10075,Performance Shirt,Apparel,West,Website,1,45.0,0.0,45.0,19.0,16.18,9.82,3,No
O101299,2025-03-15,C10119,USB-C Hub,Electronics,Midwest,Mobile App,1,39.0,0.0,39.0,20.0,6.05,12.95,2,No
O101706,2025-03-16,C10330,Webcam,Electronics,Southeast,Website,1,69.0,15.0,58.65,36.0,12.03,10.62,5,No
O100208,2025-03-16,C10573,Wireless Headphones,Electronics,Midwest,Mobile App,1,79.0,25.0,59.25,42.0,5.75,11.5,5,No
O101280,2025-03-16,C10340,Hiking Pants,Apparel,Southwest,Website,1,79.0,10.0,71.1,35.0,26.45,9.65,3,No
O100408,2025-03-16,C10266,Desk Lamp,Home & Office,Midwest,Website,2,35.0,15.0,59.5,32.0,17.17,10.33,3,No
O100005,2025-03-16,C10025,Fleece Jacket,Apparel,Southeast,Website,1,84.0,15.0,71.4,39.0,20.06,12.34,3,No
O101896,2025-03-17,C10319,Fleece Jacket,Apparel,Northeast,Website,1,84.0,10.0,75.6,39.0,13.98,11.28,4,Yes
O101458,2025-03-17,C10502,Hiking Pants,Apparel,Southeast,Website,1,79.0,0.0,79.0,35.0,35.6,8.4,5,No
O101785,2025-03-17,C10334,Desk Lamp,Home & Office,West,Mobile App,2,35.0,30.0,49.0,32.0,6.17,10.83,7,No
O100769,2025-03-17,C10010,Business Strategy Book,Books & Media,Southwest,Website,1,44.0,30.0,30.8,19.0,-1.79,13.59,5,No
O101837,2025-03-17,C10139,Photography Guide,Books & Media,Midwest,Website,4,34.0,5.0,129.2,56.0,61.65,11.55,3,No
O101747,2025-03-17,C10125,Programming Book,Books & Media,Northeast,Website,1,59.0,5.0,56.05,25.0,20.41,10.64,2,No
O101807,2025-03-17,C10443,Performance Shirt,Apparel,Midwest,Mobile App,2,45.0,15.0,76.5,38.0,26.11,12.39,4,No
O100150,2025-03-18,C10381,Bluetooth Speaker,Electronics,Southeast,Website,2,65.0,5.0,123.5,68.0,44.96,10.54,5,No
O101116,2025-03-18,C10117,Hiking Backpack,Outdoor,Southwest,Website,1,119.0,0.0,119.0,61.0,44.53,13.47,4,No
O100184,2025-03-18,C10040,USB-C Hub,Electronics,Northeast,Website,1,39.0,0.0,39.0,20.0,9.52,9.48,4,No
O100850,2025-03-18,C10063,Wireless Headphones,Electronics,Southeast,Website,1,79.0,25.0,59.25,42.0,9.49,7.76,2,No
O100615,2025-03-18,C10444,Standing Desk,Home & Office,Southeast,Marketplace,1,349.0,2.0,342.02,205.0,125.26,11.76,5,No
O101180,2025-03-18,C10007,Fleece Jacket,Apparel,Southwest,Mobile App,1,84.0,15.0,71.4,39.0,24.48,7.92,1,No
O101856,2025-03-18,C10620,Camping Lantern,Outdoor,West,Mobile App,1,45.0,0.0,45.0,22.0,13.64,9.36,3,No
O100635,2025-03-18,C10140,Camping Lantern,Outdoor,West,Marketplace,1,45.0,7.0,41.85,22.0,9.38,10.47,6,No
O100333,2025-03-19,C10122,Fleece Jacket,Apparel,Midwest,Mobile App,2,84.0,15.0,142.8,78.0,52.86,11.94,5,No
O100015,2025-03-19,C10160,Business Strategy Book,Books & Media,Northeast,Mobile App,4,44.0,20.0,140.8,76.0,47.97,16.83,3,No
O100132,2025-03-19,C10583,Rain Jacket,Apparel,Northeast,Mobile App,3,99.0,5.0,282.15,144.0,126.4,11.75,6,No
O100606,2025-03-19,C10617,Camping Lantern,Outdoor,West,Marketplace,1,45.0,7.0,41.85,22.0,6.77,13.08,4,No
O101989,2025-03-19,C10105,Office Chair,Home & Office,Northeast,Website,2,189.0,0.0,378.0,210.0,157.96,10.04,4,No
O101696,2025-03-19,C10191,Monitor Stand,Home & Office,Midwest,Mobile App,1,59.0,0.0,59.0,28.0,20.62,10.38,2,No
O100369,2025-03-19,C10218,Camping Lantern,Outdoor,Northeast,Website,4,45.0,0.0,180.0,88.0,76.75,15.25,4,No
O100937,2025-03-19,C10433,Office Chair,Home & Office,Southeast,Marketplace,2,189.0,12.0,332.64,210.0,112.86,9.78,6,No
O100035,2025-03-19,C10130,Mechanical Keyboard,Electronics,Southeast,Website,2,95.0,15.0,161.5,102.0,44.99,14.51,2,No
O101898,2025-03-19,C10436,Photography Guide,Books & Media,Midwest,Website,3,34.0,25.0,76.5,42.0,23.97,10.53,3,No
O100494,2025-03-19,C10245,Standing Desk,Home & Office,Midwest,Marketplace,2,349.0,17.0,579.34,410.0,155.81,13.53,5,No
O100668,2025-03-19,C10107,Wireless Headphones,Electronics,Northeast,Website,1,79.0,10.0,71.1,42.0,17.18,11.92,4,No
O100576,2025-03-19,C10269,Desk Organizer,Home & Office,Southwest,Marketplace,1,24.0,2.0,23.52,10.0,4.83,8.69,4,No
O100414,2025-03-20,C10585,Programming Book,Books & Media,Midwest,Mobile App,1,59.0,0.0,59.0,25.0,23.39,10.61,4,No
O101196,2025-03-20,C10443,Bluetooth Speaker,Electronics,Northeast,Website,1,65.0,15.0,55.25,34.0,11.71,9.54,3,No
O100803,2025-03-20,C10494,Hiking Pants,Apparel,Southeast,Marketplace,3,79.0,2.0,232.26,105.0,77.67,14.75,3,Yes
O101889,2025-03-20,C10348,Bluetooth Speaker,Electronics,Midwest,Marketplace,1,65.0,7.0,60.45,34.0,17.26,9.19,7,No
O101432,2025-03-20,C10354,Office Chair,Home & Office,West,Mobile App,3,189.0,5.0,538.65,315.0,212.7,10.95,5,No
O100391,2025-03-21,C10616,Performance Shirt,Apparel,Southwest,Website,1,45.0,10.0,40.5,19.0,10.55,10.95,4,No
O101265,2025-03-21,C10069,Webcam,Electronics,Southwest,Website,1,69.0,30.0,48.3,36.0,-0.68,12.98,3,No
O101863,2025-03-21,C10256,Desk Organizer,Home & Office,Southeast,Marketplace,1,24.0,2.0,23.52,10.0,0.44,13.08,3,No
O100116,2025-03-21,C10648,Desk Lamp,Home & Office,West,Mobile App,1,35.0,0.0,35.0,16.0,8.21,10.79,4,No
O101435,2025-03-21,C10329,Fleece Jacket,Apparel,Midwest,Website,1,84.0,20.0,67.2,39.0,17.67,10.53,4,No
O101623,2025-03-21,C10055,Programming Book,Books & Media,Southeast,Mobile App,1,59.0,0.0,59.0,25.0,22.25,11.75,5,No
O101881,2025-03-21,C10294,Camping Chair,Outdoor,Midwest,Website,1,69.0,25.0,51.75,34.0,7.45,10.3,3,No
O100756,2025-03-22,C10111,Desk Lamp,Home & Office,West,Website,2,35.0,0.0,70.0,32.0,23.22,14.78,5,No
O100406,2025-03-22,C10547,Portable Stove,Outdoor,Southeast,Marketplace,1,74.0,22.0,57.72,37.0,11.33,9.39,3,No
O101875,2025-03-22,C10614,Insulated Bottle,Outdoor,Southeast,Marketplace,1,32.0,12.0,28.16,14.0,4.48,9.68,4,No
O100434,2025-03-22,C10157,Insulated Bottle,Outdoor,Southwest,Website,1,32.0,20.0,25.6,14.0,-2.37,13.97,4,No
O100040,2025-03-22,C10257,Hiking Backpack,Outdoor,Southwest,Website,3,119.0,20.0,285.6,183.0,89.0,13.6,4,No
O101539,2025-03-23,C10385,Desk Organizer,Home & Office,Northeast,Website,2,24.0,20.0,38.4,20.0,8.21,10.19,2,No
O100474,2025-03-23,C10289,Hiking Pants,Apparel,West,Mobile App,4,79.0,5.0,300.2,140.0,145.81,14.39,4,No
O101316,2025-03-23,C10202,Business Strategy Book,Books & Media,Southeast,Mobile App,2,44.0,0.0,88.0,38.0,36.32,13.68,4,No
O101445,2025-03-23,C10612,Webcam,Electronics,Southeast,Website,2,69.0,15.0,117.3,72.0,33.04,12.26,5,No
O101806,2025-03-23,C10232,Data Analytics Book,Books & Media,Northeast,Website,1,49.0,25.0,36.75,21.0,-4.71,12.46,3,Yes
O100917,2025-03-24,C10198,Camping Lantern,Outdoor,Southwest,Website,1,45.0,5.0,42.75,22.0,7.89,12.86,4,No
O100529,2025-03-24,C10487,Camping Lantern,Outdoor,Midwest,Mobile App,1,45.0,30.0,31.5,22.0,-2.03,11.53,2,No
O100002,2025-03-24,C10385,Portable Stove,Outdoor,West,Marketplace,1,74.0,27.0,54.02,37.0,3.53,13.49,4,No
O100945,2025-03-24,C10003,Mechanical Keyboard,Electronics,Southeast,Website,1,95.0,5.0,90.25,51.0,31.39,7.86,3,No
O100017,2025-03-25,C10260,Standing Desk,Home & Office,Southeast,Website,2,349.0,10.0,628.2,410.0,205.27,12.93,6,No
O100657,2025-03-25,C10148,Standing Desk,Home & Office,Midwest,Website,1,349.0,5.0,331.55,205.0,117.57,8.98,1,No
O101382,2025-03-25,C10514,Trail Shoes,Apparel,West,Website,1,129.0,0.0,129.0,68.0,51.76,9.24,3,No
O101073,2025-03-26,C10183,USB-C Hub,Electronics,Southeast,Mobile App,3,39.0,20.0,93.6,60.0,21.41,12.19,2,No
O101928,2025-03-26,C10351,Hiking Backpack,Outdoor,Southeast,Mobile App,1,119.0,20.0,95.2,61.0,25.5,8.7,3,No
O101788,2025-03-26,C10287,Performance Shirt,Apparel,Southwest,Mobile App,1,45.0,15.0,38.25,19.0,7.95,11.3,3,No
O101425,2025-03-26,C10057,Camping Chair,Outdoor,West,Mobile App,2,69.0,10.0,124.2,68.0,45.19,11.01,1,No
O101729,2025-03-26,C10229,Science Book,Books & Media,Northeast,Mobile App,1,39.0,20.0,31.2,16.0,6.01,9.19,3,No
O101184,2025-03-27,C10199,Monitor Stand,Home & Office,West,Website,2,59.0,20.0,94.4,56.0,27.84,10.56,4,No
O100573,2025-03-27,C10062,Trail Shoes,Apparel,Southwest,Website,1,129.0,25.0,96.75,68.0,1.72,12.52,4,Yes
O101451,2025-03-27,C10580,Standing Desk,Home & Office,Southeast,Website,1,349.0,10.0,314.1,205.0,99.06,10.04,4,No
O101448,2025-03-27,C10510,Programming Book,Books & Media,Northeast,Website,4,59.0,30.0,165.2,100.0,50.99,14.21,1,No
O101297,2025-03-28,C10325,Performance Shirt,Apparel,Northeast,Website,1,45.0,10.0,40.5,19.0,12.67,8.83,3,No
O100897,2025-03-29,C10395,Hiking Pants,Apparel,West,Mobile App,1,79.0,25.0,59.25,35.0,1.01,14.35,5,Yes
O100213,2025-03-29,C10073,Camping Lantern,Outdoor,Northeast,Mobile App,3,45.0,25.0,101.25,66.0,25.17,10.08,3,No
O100946,2025-03-29,C10444,Wireless Headphones,Electronics,Southeast,Website,1,79.0,10.0,71.1,42.0,15.64,13.46,4,No
O101173,2025-03-29,C10166,Mechanical Keyboard,Electronics,West,Website,1,95.0,20.0,76.0,51.0,13.76,11.24,3,No
O101256,2025-03-29,C10381,Desk Organizer,Home & Office,Southeast,Website,1,24.0,0.0,24.0,10.0,1.07,12.93,1,No
O101269,2025-03-29,C10381,Photography Guide,Books & Media,Northeast,Mobile App,1,34.0,0.0,34.0,14.0,12.21,7.79,5,No
O100204,2025-03-29,C10442,Bluetooth Speaker,Electronics,West,Marketplace,2,65.0,7.0,120.9,68.0,24.32,10.45,5,Yes
O100844,2025-03-30,C10161,Monitor Stand,Home & Office,Southwest,Marketplace,1,59.0,32.0,40.12,28.0,-0.74,12.86,5,No
O100650,2025-03-30,C10156,Hiking Backpack,Outdoor,Northeast,Marketplace,1,119.0,22.0,92.82,61.0,20.52,11.3,6,No
O101710,2025-03-30,C10240,Hiking Pants,Apparel,Southeast,Website,1,79.0,20.0,63.2,35.0,14.75,13.45,4,No
O100743,2025-03-30,C10485,Camping Chair,Outdoor,Southwest,Website,1,69.0,0.0,69.0,34.0,23.43,11.57,5,No
O101947,2025-03-30,C10567,Office Chair,Home & Office,Southwest,Website,1,189.0,0.0,189.0,105.0,72.74,11.26,4,No
O101433,2025-03-30,C10026,Webcam,Electronics,West,Website,3,69.0,5.0,196.65,108.0,78.21,10.44,4,No
O100136,2025-03-31,C10268,Trail Shoes,Apparel,Midwest,Website,1,129.0,0.0,129.0,68.0,53.03,7.97,4,No
O101217,2025-03-31,C10403,Camping Lantern,Outdoor,Southwest,Marketplace,1,45.0,27.0,32.85,22.0,1.58,9.27,7,No
O101737,2025-03-31,C10171,Wireless Headphones,Electronics,Southwest,Website,1,79.0,15.0,67.15,42.0,16.57,8.58,5,No
O101293,2025-03-31,C10050,Desk Lamp,Home & Office,Northeast,Mobile App,3,35.0,0.0,105.0,48.0,40.98,16.02,2,No
O101483,2025-04-01,C10600,Trail Shoes,Apparel,West,Marketplace,1,129.0,7.0,119.97,68.0,39.62,12.35,3,No
O100652,2025-04-01,C10035,Monitor Stand,Home & Office,Midwest,Website,4,59.0,15.0,200.6,112.0,74.72,13.88,2,No
O101676,2025-04-01,C10380,Portable Stove,Outdoor,Southeast,Website,2,74.0,15.0,125.8,74.0,41.37,10.43,5,No
O101152,2025-04-01,C10318,Desk Organizer,Home & Office,Southeast,Marketplace,3,24.0,7.0,66.96,30.0,24.38,12.58,5,No
O100022,2025-04-01,C10617,Hiking Pants,Apparel,Southeast,Marketplace,1,79.0,17.0,65.57,35.0,21.98,8.59,8,No
O100166,2025-04-01,C10131,Fleece Jacket,Apparel,Southeast,Mobile App,1,84.0,0.0,84.0,39.0,34.76,10.24,5,No
O101045,2025-04-01,C10548,Camping Lantern,Outdoor,West,Website,1,45.0,0.0,45.0,22.0,11.01,11.99,3,No
O101060,2025-04-01,C10123,USB-C Hub,Electronics,Midwest,Mobile App,1,39.0,0.0,39.0,20.0,10.74,8.26,3,No
O101525,2025-04-01,C10271,Portable Stove,Outdoor,Southwest,Website,1,74.0,0.0,74.0,37.0,24.11,12.89,3,No
O100154,2025-04-01,C10061,USB-C Hub,Electronics,West,Website,1,39.0,10.0,35.1,20.0,1.75,13.35,4,No
O101274,2025-04-02,C10221,Bluetooth Speaker,Electronics,Northeast,Mobile App,1,65.0,0.0,65.0,34.0,21.75,9.25,4,No
O100899,2025-04-02,C10102,Rain Jacket,Apparel,Southeast,Mobile App,4,99.0,5.0,376.2,192.0,172.22,11.98,1,No
O100075,2025-04-02,C10257,Business Strategy Book,Books & Media,Southeast,Website,2,44.0,15.0,74.8,38.0,23.48,13.32,5,No
O100838,2025-04-03,C10128,Business Strategy Book,Books & Media,Northeast,Mobile App,1,44.0,10.0,39.6,19.0,12.0,8.6,3,No
O101454,2025-04-03,C10268,Fleece Jacket,Apparel,Southeast,Website,1,84.0,0.0,84.0,39.0,35.95,9.05,3,No
O100857,2025-04-03,C10024,Bluetooth Speaker,Electronics,West,Mobile App,3,65.0,0.0,195.0,102.0,78.44,14.56,4,No
O101921,2025-04-03,C10054,Camping Lantern,Outdoor,Southwest,Mobile App,3,45.0,0.0,135.0,66.0,56.34,12.66,4,No
O101861,2025-04-03,C10029,Monitor Stand,Home & Office,West,Marketplace,4,59.0,2.0,231.28,112.0,101.14,18.14,5,No
O100864,2025-04-03,C10111,Trail Shoes,Apparel,Southeast,Website,2,129.0,25.0,193.5,136.0,47.4,10.1,2,No
O101070,2025-04-04,C10117,Performance Shirt,Apparel,Midwest,Website,1,45.0,15.0,38.25,19.0,11.09,8.16,6,No
O100181,2025-04-04,C10541,USB-C Hub,Electronics,Northeast,Website,1,39.0,30.0,27.3,20.0,-2.07,9.37,4,No
O100122,2025-04-04,C10349,Portable Stove,Outdoor,Southeast,Mobile App,1,74.0,15.0,62.9,37.0,13.32,12.58,6,No
O101603,2025-04-04,C10587,Monitor Stand,Home & Office,Midwest,Marketplace,2,59.0,17.0,97.94,56.0,30.53,11.41,3,No
O100960,2025-04-04,C10243,Fleece Jacket,Apparel,Southwest,Mobile App,2,84.0,0.0,168.0,78.0,80.25,9.75,3,No
O100090,2025-04-04,C10472,Hiking Backpack,Outdoor,Midwest,Website,2,119.0,5.0,226.1,122.0,90.31,13.79,3,No
O101618,2025-04-05,C10295,Camping Chair,Outdoor,Midwest,Marketplace,2,69.0,22.0,107.64,68.0,29.53,10.11,4,No
O101620,2025-04-05,C10341,Data Analytics Book,Books & Media,Southwest,Mobile App,1,49.0,10.0,44.1,21.0,12.03,11.07,2,No
O101955,2025-04-05,C10595,Trail Shoes,Apparel,West,Website,1,129.0,10.0,116.1,68.0,36.5,11.6,3,No
O101371,2025-04-05,C10131,Rain Jacket,Apparel,West,Mobile App,3,99.0,15.0,252.45,144.0,94.22,14.23,6,No
O100318,2025-04-05,C10157,Desk Organizer,Home & Office,West,Mobile App,3,24.0,10.0,64.8,30.0,16.66,18.14,5,No
O101564,2025-04-05,C10234,Hiking Pants,Apparel,West,Mobile App,1,79.0,25.0,59.25,35.0,16.11,8.14,7,No
O101855,2025-04-05,C10130,Wireless Headphones,Electronics,Midwest,Website,2,79.0,0.0,158.0,84.0,59.44,14.56,4,No
O101408,2025-04-05,C10184,USB-C Hub,Electronics,Southeast,Marketplace,1,39.0,12.0,34.32,20.0,6.67,7.65,4,No
O101549,2025-04-05,C10242,Rain Jacket,Apparel,West,Mobile App,2,99.0,25.0,148.5,96.0,15.16,15.07,9,Yes
O100094,2025-04-05,C10610,Rain Jacket,Apparel,Midwest,Mobile App,2,99.0,20.0,158.4,96.0,51.01,11.39,5,No
O100584,2025-04-06,C10208,Fleece Jacket,Apparel,Northeast,Website,1,84.0,20.0,67.2,39.0,17.35,10.85,3,No
O101362,2025-04-06,C10259,Mechanical Keyboard,Electronics,West,Mobile App,4,95.0,15.0,323.0,204.0,105.93,13.07,6,No
O101468,2025-04-06,C10074,Desk Organizer,Home & Office,Southeast,Website,1,24.0,5.0,22.8,10.0,1.17,11.63,3,No
O101787,2025-04-06,C10623,Business Strategy Book,Books & Media,Southeast,Mobile App,2,44.0,0.0,88.0,38.0,40.46,9.54,1,No
O101106,2025-04-06,C10103,Fleece Jacket,Apparel,Northeast,Website,3,84.0,15.0,214.2,117.0,52.1,12.97,2,Yes
O100128,2025-04-06,C10593,Portable Stove,Outdoor,Northeast,Mobile App,1,74.0,0.0,74.0,37.0,29.63,7.37,4,No
O100699,2025-04-07,C10496,Wireless Headphones,Electronics,Southwest,Website,2,79.0,30.0,110.6,84.0,-1.84,11.85,4,Yes
O101231,2025-04-07,C10524,Mechanical Keyboard,Electronics,Southeast,Marketplace,1,95.0,2.0,93.1,51.0,33.93,8.17,5,No
O100263,2025-04-07,C10239,Fleece Jacket,Apparel,West,Mobile App,3,84.0,15.0,214.2,117.0,84.48,12.72,5,No
O100175,2025-04-08,C10648,Camping Chair,Outdoor,Southeast,Website,1,69.0,10.0,62.1,34.0,8.14,10.64,6,Yes
O101182,2025-04-08,C10380,Data Analytics Book,Books & Media,Northeast,Website,1,49.0,20.0,39.2,21.0,9.75,8.45,2,No
O100735,2025-04-08,C10370,Insulated Bottle,Outdoor,Midwest,Mobile App,1,32.0,15.0,27.2,14.0,0.44,12.76,3,No
O100050,2025-04-08,C10049,Webcam,Electronics,Southeast,Mobile App,2,69.0,0.0,138.0,72.0,51.84,14.16,4,No
O100029,2025-04-08,C10313,Trail Shoes,Apparel,Southwest,Mobile App,2,129.0,10.0,232.2,136.0,85.55,10.65,3,No
O101267,2025-04-09,C10506,Business Strategy Book,Books & Media,Northeast,Marketplace,1,44.0,7.0,40.92,19.0,8.89,13.03,6,No
O101664,2025-04-09,C10038,Rain Jacket,Apparel,Southeast,Mobile App,4,99.0,10.0,356.4,192.0,98.81,12.13,2,Yes
O101674,2025-04-09,C10227,Camping Lantern,Outdoor,Northeast,Marketplace,1,45.0,7.0,41.85,22.0,7.86,11.99,4,No
O101923,2025-04-09,C10037,Fleece Jacket,Apparel,Southeast,Website,3,84.0,5.0,239.4,117.0,112.15,10.25,3,No
O100998,2025-04-09,C10204,Desk Lamp,Home & Office,Midwest,Marketplace,2,35.0,7.0,65.1,32.0,21.16,11.94,2,No
O101258,2025-04-09,C10188,Fleece Jacket,Apparel,Northeast,Website,1,84.0,25.0,63.0,39.0,10.99,13.01,1,No
O101770,2025-04-10,C10554,Hiking Backpack,Outdoor,Midwest,Marketplace,1,119.0,7.0,110.67,61.0,41.1,8.57,1,No
O101919,2025-04-10,C10579,Bluetooth Speaker,Electronics,West,Website,2,65.0,0.0,130.0,68.0,52.06,9.94,4,No
O101614,2025-04-10,C10542,Standing Desk,Home & Office,Northeast,Marketplace,2,349.0,7.0,649.14,410.0,229.89,9.25,5,No
O100268,2025-04-10,C10036,Desk Lamp,Home & Office,West,Website,2,35.0,5.0,66.5,32.0,19.68,14.82,4,No
O100080,2025-04-10,C10065,Desk Lamp,Home & Office,Southeast,Website,2,35.0,0.0,70.0,32.0,26.75,11.25,2,No
O100194,2025-04-11,C10520,Bluetooth Speaker,Electronics,Northeast,Website,1,65.0,10.0,58.5,34.0,13.99,10.51,5,No
O100670,2025-04-11,C10484,Portable Stove,Outdoor,Southeast,Website,1,74.0,10.0,66.6,37.0,19.19,10.41,6,No
O100469,2025-04-11,C10343,Monitor Stand,Home & Office,West,Mobile App,2,59.0,15.0,100.3,56.0,33.03,11.27,3,No
O101012,2025-04-11,C10076,Portable Stove,Outdoor,Southeast,Marketplace,1,74.0,2.0,72.52,37.0,27.95,7.57,6,No
O100554,2025-04-11,C10609,Portable Stove,Outdoor,Northeast,Website,1,74.0,15.0,62.9,37.0,16.81,9.09,4,No
O100347,2025-04-12,C10585,Hiking Pants,Apparel,Northeast,Marketplace,2,79.0,2.0,154.84,70.0,71.73,13.11,4,No
O101134,2025-04-12,C10587,Desk Organizer,Home & Office,Southwest,Mobile App,2,24.0,10.0,43.2,20.0,8.38,14.82,3,No
O100938,2025-04-12,C10619,Rain Jacket,Apparel,Southwest,Website,1,99.0,15.0,84.15,48.0,27.09,9.06,4,No
O101803,2025-04-12,C10602,Standing Desk,Home & Office,Southwest,Website,1,349.0,0.0,349.0,205.0,133.8,10.2,4,No
O100126,2025-04-12,C10409,Fleece Jacket,Apparel,Southeast,Website,1,84.0,5.0,79.8,39.0,20.11,8.72,3,Yes
O100975,2025-04-12,C10097,Standing Desk,Home & Office,Midwest,Mobile App,1,349.0,5.0,331.55,205.0,115.31,11.24,5,No
O100701,2025-04-13,C10221,Performance Shirt,Apparel,Southwest,Mobile App,1,45.0,0.0,45.0,19.0,12.68,13.32,4,No
O100220,2025-04-13,C10627,Business Strategy Book,Books & Media,Northeast,Marketplace,2,44.0,2.0,86.24,38.0,22.1,13.2,5,Yes
O100218,2025-04-14,C10134,Insulated Bottle,Outdoor,Midwest,Marketplace,1,32.0,2.0,31.36,14.0,-3.53,12.89,1,Yes
O101314,2025-04-14,C10402,Science Book,Books & Media,Midwest,Website,1,39.0,0.0,39.0,16.0,14.9,8.1,3,No
O101301,2025-04-14,C10490,Mechanical Keyboard,Electronics,West,Mobile App,2,95.0,5.0,180.5,102.0,69.09,9.41,4,No
O100835,2025-04-14,C10641,Bluetooth Speaker,Electronics,Southwest,Mobile App,1,65.0,0.0,65.0,34.0,18.76,12.24,6,No
O100102,2025-04-14,C10283,Hiking Pants,Apparel,Northeast,Mobile App,1,79.0,0.0,79.0,35.0,34.54,9.46,4,No
O100992,2025-04-14,C10143,Trail Shoes,Apparel,West,Mobile App,1,129.0,10.0,116.1,68.0,34.01,14.09,6,No
O100991,2025-04-14,C10456,Wireless Headphones,Electronics,Southeast,Website,1,79.0,0.0,79.0,42.0,27.48,9.52,3,No
O100593,2025-04-15,C10133,Webcam,Electronics,West,Mobile App,1,69.0,15.0,58.65,36.0,-1.3,15.15,1,Yes
O101730,2025-04-15,C10241,Bluetooth Speaker,Electronics,Southeast,Marketplace,1,65.0,12.0,57.2,34.0,14.48,8.72,6,No
O100780,2025-04-15,C10480,Performance Shirt,Apparel,West,Mobile App,1,45.0,25.0,33.75,19.0,0.11,14.64,5,No
O101226,2025-04-15,C10033,Performance Shirt,Apparel,Southwest,Website,1,45.0,20.0,36.0,19.0,2.37,14.63,3,No
O100091,2025-04-16,C10643,Monitor Stand,Home & Office,Southeast,Mobile App,2,59.0,0.0,118.0,56.0,51.37,10.63,3,No
O101188,2025-04-16,C10107,Desk Organizer,Home & Office,Northeast,Marketplace,1,24.0,17.0,19.92,10.0,0.69,9.23,4,No
O100284,2025-04-16,C10418,Desk Organizer,Home & Office,West,Website,2,24.0,0.0,48.0,20.0,17.84,10.16,5,No
O100476,2025-04-16,C10374,Trail Shoes,Apparel,Southeast,Website,1,129.0,15.0,109.65,68.0,29.76,11.89,3,No
O100237,2025-04-16,C10181,Desk Lamp,Home & Office,Northeast,Website,2,35.0,10.0,63.0,32.0,16.73,14.27,6,No
O100325,2025-04-16,C10247,Office Chair,Home & Office,Southwest,Mobile App,5,189.0,10.0,850.5,525.0,312.36,13.14,3,No
O101968,2025-04-17,C10273,Insulated Bottle,Outdoor,Southeast,Mobile App,1,32.0,25.0,24.0,14.0,0.29,9.71,5,No
O101084,2025-04-17,C10619,USB-C Hub,Electronics,Northeast,Website,2,39.0,10.0,70.2,40.0,16.81,13.39,4,No
O100457,2025-04-17,C10189,Trail Shoes,Apparel,Southwest,Mobile App,2,129.0,20.0,206.4,136.0,29.68,9.76,4,Yes
O101056,2025-04-17,C10189,Hiking Pants,Apparel,Southwest,Marketplace,1,79.0,2.0,77.42,35.0,32.08,10.34,3,No
O100183,2025-04-17,C10092,Data Analytics Book,Books & Media,Southwest,Marketplace,2,49.0,2.0,96.04,42.0,42.42,11.62,5,No
O101586,2025-04-17,C10417,Science Book,Books & Media,Southeast,Website,1,39.0,0.0,39.0,16.0,9.35,13.65,3,No
O100672,2025-04-17,C10316,Bluetooth Speaker,Electronics,Southwest,Website,1,65.0,0.0,65.0,34.0,10.65,10.6,4,Yes
O100145,2025-04-18,C10282,Monitor Stand,Home & Office,Southeast,Website,2,59.0,15.0,100.3,56.0,32.61,11.69,5,No
O100762,2025-04-18,C10366,Trail Shoes,Apparel,Northeast,Marketplace,1,129.0,7.0,119.97,68.0,43.09,8.88,4,No
O101661,2025-04-18,C10210,Portable Stove,Outdoor,Southeast,Marketplace,2,74.0,12.0,130.24,74.0,43.9,12.34,6,No
O101117,2025-04-18,C10567,Insulated Bottle,Outdoor,Northeast,Website,2,32.0,20.0,51.2,28.0,14.38,8.82,4,No
O101097,2025-04-18,C10497,Insulated Bottle,Outdoor,Southeast,Website,1,32.0,10.0,28.8,14.0,5.47,9.33,6,No
O101474,2025-04-18,C10185,Desk Lamp,Home & Office,Southeast,Website,2,35.0,25.0,52.5,32.0,8.66,11.84,2,No
O101225,2025-04-19,C10206,Bluetooth Speaker,Electronics,Southeast,Marketplace,1,65.0,32.0,44.2,34.0,-1.02,11.22,5,No
O100124,2025-04-19,C10178,Mechanical Keyboard,Electronics,Northeast,Website,1,95.0,0.0,95.0,51.0,36.46,7.54,5,No
O101214,2025-04-19,C10263,Camping Chair,Outdoor,Northeast,Website,4,69.0,20.0,220.8,136.0,68.8,16.0,6,No
O101527,2025-04-20,C10263,Desk Lamp,Home & Office,Northeast,Mobile App,1,35.0,25.0,26.25,16.0,0.89,9.36,4,No
O101990,2025-04-20,C10620,Standing Desk,Home & Office,Southwest,Mobile App,1,349.0,20.0,279.2,205.0,64.54,9.66,3,No
O101766,2025-04-20,C10604,Programming Book,Books & Media,Northeast,Website,2,59.0,30.0,82.6,50.0,18.27,14.33,3,No
O101331,2025-04-20,C10370,Hiking Backpack,Outdoor,West,Mobile App,1,119.0,0.0,119.0,61.0,49.49,8.51,3,No
O100934,2025-04-20,C10181,Trail Shoes,Apparel,Southwest,Mobile App,1,129.0,10.0,116.1,68.0,35.87,12.23,4,No
O100447,2025-04-20,C10096,Webcam,Electronics,Northeast,Mobile App,3,69.0,15.0,175.95,108.0,53.91,14.04,4,No
O101655,2025-04-20,C10606,Webcam,Electronics,Southwest,Marketplace,2,69.0,27.0,100.74,72.0,14.64,14.1,4,No
O101600,2025-04-21,C10074,Desk Lamp,Home & Office,Southeast,Website,2,35.0,15.0,59.5,32.0,14.37,13.13,4,No
O100828,2025-04-21,C10619,Programming Book,Books & Media,Southeast,Mobile App,2,59.0,0.0,118.0,50.0,54.28,13.72,4,No
O101964,2025-04-21,C10363,Insulated Bottle,Outdoor,West,Website,1,32.0,10.0,28.8,14.0,-2.16,8.96,3,Yes
O101122,2025-04-21,C10330,Portable Stove,Outdoor,Southwest,Mobile App,2,74.0,20.0,118.4,74.0,28.01,16.39,5,No
O100378,2025-04-21,C10317,Performance Shirt,Apparel,Southeast,Mobile App,2,45.0,10.0,81.0,38.0,28.81,14.19,4,No
O100110,2025-04-22,C10443,USB-C Hub,Electronics,Southeast,Website,2,39.0,10.0,70.2,40.0,16.74,13.46,1,No
O100739,2025-04-22,C10567,Hiking Pants,Apparel,West,Website,1,79.0,0.0,79.0,35.0,32.23,11.77,2,No
O100669,2025-04-22,C10060,Programming Book,Books & Media,Southeast,Marketplace,1,59.0,7.0,54.87,25.0,15.96,13.91,4,No
O100829,2025-04-22,C10004,Desk Organizer,Home & Office,Southeast,Mobile App,1,24.0,10.0,21.6,10.0,0.15,11.45,4,No
O100664,2025-04-22,C10340,Performance Shirt,Apparel,Southwest,Mobile App,2,45.0,5.0,85.5,38.0,34.19,13.31,2,No
O100860,2025-04-22,C10428,Hiking Backpack,Outdoor,Southeast,Mobile App,2,119.0,5.0,226.1,122.0,91.0,13.1,4,No
O101210,2025-04-23,C10122,Hiking Pants,Apparel,Northeast,Website,3,79.0,25.0,177.75,105.0,59.44,13.31,2,No
O101140,2025-04-23,C10472,Standing Desk,Home & Office,Southwest,Website,4,349.0,10.0,1256.4,820.0,419.98,16.42,3,No
O101324,2025-04-23,C10580,Bluetooth Speaker,Electronics,Midwest,Mobile App,1,65.0,15.0,55.25,34.0,13.6,7.65,2,No
O101288,2025-04-24,C10523,Webcam,Electronics,Southeast,Website,2,69.0,10.0,124.2,72.0,37.89,14.31,4,No
O100510,2025-04-24,C10497,Desk Lamp,Home & Office,West,Website,1,35.0,20.0,28.0,16.0,-2.84,14.84,3,No
O100663,2025-04-24,C10292,Monitor Stand,Home & Office,Southwest,Mobile App,5,59.0,0.0,295.0,140.0,137.39,17.61,5,No
O101749,2025-04-24,C10212,Science Book,Books & Media,Southwest,Website,1,39.0,30.0,27.3,16.0,-0.98,12.28,3,No
O100877,2025-04-25,C10024,Portable Stove,Outdoor,Southeast,Mobile App,1,74.0,10.0,66.6,37.0,16.35,13.25,5,No
O100178,2025-04-25,C10636,Fleece Jacket,Apparel,West,Mobile App,1,84.0,10.0,75.6,39.0,26.8,9.8,4,No
O101174,2025-04-25,C10529,Desk Organizer,Home & Office,Southwest,Website,1,24.0,0.0,24.0,10.0,-0.97,14.97,5,No
O100379,2025-04-25,C10129,Trail Shoes,Apparel,Midwest,Website,3,129.0,0.0,387.0,204.0,167.86,15.14,5,No
O100885,2025-04-25,C10052,Insulated Bottle,Outdoor,Southeast,Website,2,32.0,10.0,57.6,28.0,19.73,9.87,4,No
O101340,2025-04-25,C10352,Bluetooth Speaker,Electronics,Southeast,Website,3,65.0,0.0,195.0,102.0,80.22,12.78,5,No
O100648,2025-04-26,C10377,Trail Shoes,Apparel,Midwest,Mobile App,1,129.0,0.0,129.0,68.0,50.05,10.95,5,No
O101568,2025-04-26,C10169,Trail Shoes,Apparel,West,Website,1,129.0,0.0,129.0,68.0,52.91,8.09,4,No
O100352,2025-04-26,C10420,Hiking Pants,Apparel,Northeast,Website,1,79.0,30.0,55.3,35.0,2.47,9.54,2,Yes
O101819,2025-04-26,C10454,Programming Book,Books & Media,Southwest,Website,2,59.0,10.0,106.2,50.0,43.89,12.31,5,No
O100004,2025-04-26,C10067,Science Book,Books & Media,Northeast,Mobile App,1,39.0,5.0,37.05,16.0,10.67,10.38,4,No
O100079,2025-04-26,C10551,Webcam,Electronics,Southeast,Mobile App,1,69.0,0.0,69.0,36.0,12.83,9.82,4,Yes
O100461,2025-04-26,C10095,Photography Guide,Books & Media,Southeast,Marketplace,2,34.0,12.0,59.84,28.0,16.94,14.9,4,No
O100385,2025-04-27,C10447,Programming Book,Books & Media,Midwest,Website,1,59.0,5.0,56.05,25.0,20.07,10.98,4,No
O101937,2025-04-27,C10599,Hiking Backpack,Outdoor,Southeast,Website,1,119.0,30.0,83.3,61.0,14.07,8.23,5,No
O100979,2025-04-27,C10230,Office Chair,Home & Office,West,Mobile App,2,189.0,10.0,340.2,210.0,119.59,10.61,4,No
O101372,2025-04-28,C10137,Office Chair,Home & Office,Southeast,Website,1,189.0,5.0,179.55,105.0,66.51,8.04,4,No
O100996,2025-04-28,C10408,Standing Desk,Home & Office,Midwest,Website,1,349.0,30.0,244.3,205.0,31.88,7.42,1,No
O101098,2025-04-28,C10617,Standing Desk,Home & Office,West,Mobile App,1,349.0,0.0,349.0,205.0,130.23,13.77,5,No
O101456,2025-04-30,C10390,Rain Jacket,Apparel,Northeast,Marketplace,4,99.0,17.0,328.68,192.0,120.1,16.58,3,No
O101559,2025-04-30,C10213,Office Chair,Home & Office,West,Website,1,189.0,0.0,189.0,105.0,41.3,14.35,4,Yes
O100036,2025-04-30,C10426,Desk Organizer,Home & Office,Northeast,Website,1,24.0,0.0,24.0,10.0,6.24,7.76,5,No
O100086,2025-05-01,C10457,Hiking Backpack,Outdoor,Southeast,Mobile App,1,119.0,0.0,119.0,61.0,49.0,9.0,2,No
O101821,2025-05-01,C10175,Desk Organizer,Home & Office,West,Website,1,24.0,20.0,19.2,10.0,-0.71,9.91,3,No
O100636,2025-05-01,C10424,Mechanical Keyboard,Electronics,Southwest,Mobile App,3,95.0,0.0,285.0,153.0,115.1,16.9,3,No
O101829,2025-05-01,C10106,Bluetooth Speaker,Electronics,Northeast,Marketplace,2,65.0,22.0,101.4,68.0,19.96,13.44,3,No
O100242,2025-05-01,C10586,Trail Shoes,Apparel,Midwest,Website,1,129.0,0.0,129.0,68.0,49.3,11.7,2,No
O101350,2025-05-01,C10297,Mechanical Keyboard,Electronics,Northeast,Website,2,95.0,0.0,190.0,102.0,73.74,14.26,1,No
O100594,2025-05-01,C10211,Wireless Headphones,Electronics,Midwest,Website,3,79.0,0.0,237.0,126.0,99.49,11.51,5,No
O101409,2025-05-01,C10331,Photography Guide,Books & Media,Northeast,Mobile App,1,34.0,5.0,32.3,14.0,6.4,11.9,5,No
O101227,2025-05-02,C10460,Camping Lantern,Outdoor,West,Mobile App,2,45.0,15.0,76.5,44.0,22.8,9.7,2,No
O100498,2025-05-02,C10251,Insulated Bottle,Outdoor,Midwest,Mobile App,3,32.0,25.0,72.0,42.0,14.03,15.97,5,No
O101634,2025-05-02,C10279,Rain Jacket,Apparel,Southeast,Mobile App,1,99.0,20.0,79.2,48.0,21.72,9.48,6,No
O100253,2025-05-02,C10392,Desk Lamp,Home & Office,Southeast,Website,2,35.0,20.0,56.0,32.0,11.85,12.15,4,No
O100765,2025-05-02,C10227,Camping Lantern,Outdoor,West,Mobile App,4,45.0,20.0,144.0,88.0,41.22,14.78,2,No
O100065,2025-05-02,C10239,Portable Stove,Outdoor,Southwest,Marketplace,2,74.0,17.0,122.84,74.0,38.36,10.48,5,No
O101481,2025-05-02,C10170,Photography Guide,Books & Media,Southwest,Mobile App,1,34.0,10.0,30.6,14.0,3.1,13.5,4,No
O100012,2025-05-02,C10622,Science Book,Books & Media,West,Website,1,39.0,0.0,39.0,16.0,8.13,14.87,5,No
O100216,2025-05-02,C10256,Desk Lamp,Home & Office,Southeast,Website,3,35.0,5.0,99.75,48.0,41.49,10.26,4,No
O100772,2025-05-02,C10043,Standing Desk,Home & Office,Midwest,Website,1,349.0,25.0,261.75,205.0,43.96,12.79,3,No
O100895,2025-05-02,C10321,Insulated Bottle,Outdoor,Northeast,Marketplace,1,32.0,12.0,28.16,14.0,2.58,11.58,3,No
O100377,2025-05-02,C10101,Science Book,Books & Media,Southeast,Marketplace,3,39.0,7.0,108.81,48.0,48.22,12.59,4,No
O101665,2025-05-02,C10257,Wireless Headphones,Electronics,Southwest,Website,1,79.0,20.0,63.2,42.0,11.02,10.18,3,No
O101683,2025-05-03,C10519,Mechanical Keyboard,Electronics,Midwest,Website,1,95.0,10.0,85.5,51.0,24.1,10.4,3,No
O100587,2025-05-03,C10339,Standing Desk,Home & Office,Southwest,Marketplace,1,349.0,27.0,254.77,205.0,36.95,12.82,5,No
O101254,2025-05-03,C10554,Portable Stove,Outdoor,Southeast,Website,3,74.0,10.0,199.8,111.0,75.41,13.39,4,No
O100153,2025-05-03,C10233,Desk Lamp,Home & Office,Southwest,Mobile App,2,35.0,5.0,66.5,32.0,24.39,10.11,2,No
O101019,2025-05-03,C10481,Hiking Backpack,Outdoor,Midwest,Mobile App,1,119.0,0.0,119.0,61.0,47.89,10.11,5,No
O101598,2025-05-03,C10186,Rain Jacket,Apparel,West,Mobile App,1,99.0,0.0,99.0,48.0,27.38,8.77,4,Yes
O100303,2025-05-04,C10510,Camping Lantern,Outdoor,Northeast,Mobile App,1,45.0,0.0,45.0,22.0,13.34,9.66,1,No
O100585,2025-05-04,C10248,Performance Shirt,Apparel,Southwest,Marketplace,2,45.0,12.0,79.2,38.0,26.49,14.71,5,No
O100419,2025-05-04,C10126,Desk Lamp,Home & Office,Northeast,Mobile App,1,35.0,20.0,28.0,16.0,3.2,8.8,3,No
O100512,2025-05-04,C10041,Portable Stove,Outdoor,Southwest,Website,1,74.0,15.0,62.9,37.0,16.67,9.23,4,No
O100729,2025-05-04,C10446,Hiking Pants,Apparel,West,Mobile App,2,79.0,15.0,134.3,70.0,49.21,15.09,5,No
O100092,2025-05-05,C10058,Mechanical Keyboard,Electronics,Midwest,Website,3,95.0,15.0,242.25,153.0,78.75,10.5,4,No
O100046,2025-05-05,C10381,Monitor Stand,Home & Office,Southwest,Mobile App,3,59.0,0.0,177.0,84.0,77.99,15.01,4,No
O100980,2025-05-05,C10040,Office Chair,Home & Office,Midwest,Marketplace,1,189.0,27.0,137.97,105.0,0.98,11.3,5,Yes
O100372,2025-05-05,C10091,Camping Chair,Outdoor,Northeast,Mobile App,4,69.0,15.0,234.6,136.0,84.05,14.55,3,No
O101713,2025-05-06,C10238,Performance Shirt,Apparel,Southwest,Mobile App,1,45.0,5.0,42.75,19.0,13.99,9.76,3,No
O100973,2025-05-06,C10046,Rain Jacket,Apparel,Midwest,Website,1,99.0,10.0,89.1,48.0,30.6,10.5,4,No
O100223,2025-05-06,C10159,Desk Organizer,Home & Office,Midwest,Website,1,24.0,20.0,19.2,10.0,-3.85,13.05,3,No
O100155,2025-05-06,C10220,Portable Stove,Outdoor,Southwest,Website,1,74.0,30.0,51.8,37.0,4.83,9.97,4,No
O101266,2025-05-06,C10333,Wireless Headphones,Electronics,West,Website,2,79.0,10.0,142.2,84.0,44.66,13.54,6,No
O100290,2025-05-06,C10403,Bluetooth Speaker,Electronics,Midwest,Marketplace,1,65.0,27.0,47.45,34.0,3.4,10.05,6,No
O101397,2025-05-06,C10439,Programming Book,Books & Media,Midwest,Website,1,59.0,15.0,50.15,25.0,17.74,7.41,4,No
O100471,2025-05-07,C10226,Mechanical Keyboard,Electronics,Southwest,Mobile App,1,95.0,5.0,90.25,51.0,14.16,11.55,2,Yes
O101249,2025-05-07,C10356,Webcam,Electronics,West,Marketplace,2,69.0,2.0,135.24,72.0,47.69,15.55,6,No
O100786,2025-05-07,C10163,Camping Lantern,Outdoor,Southwest,Mobile App,2,45.0,0.0,90.0,44.0,34.56,11.44,5,No
O101870,2025-05-07,C10012,Camping Lantern,Outdoor,Southeast,Mobile App,1,45.0,25.0,33.75,22.0,-5.56,9.31,4,Yes
O100101,2025-05-07,C10567,Webcam,Electronics,Southeast,Marketplace,2,69.0,2.0,135.24,72.0,49.74,13.5,5,No
O101660,2025-05-07,C10356,Fleece Jacket,Apparel,Northeast,Marketplace,2,84.0,12.0,147.84,78.0,58.2,11.64,5,No
O100422,2025-05-07,C10090,Science Book,Books & Media,Southeast,Mobile App,4,39.0,25.0,117.0,64.0,37.42,15.58,2,No
O100272,2025-05-07,C10081,Standing Desk,Home & Office,Midwest,Mobile App,1,349.0,5.0,331.55,205.0,115.41,11.14,2,No
O100246,2025-05-07,C10335,Insulated Bottle,Outdoor,West,Website,1,32.0,0.0,32.0,14.0,7.06,10.94,4,No
O101666,2025-05-08,C10116,Fleece Jacket,Apparel,Southeast,Marketplace,1,84.0,7.0,78.12,39.0,26.07,13.05,3,No
O101135,2025-05-08,C10554,Science Book,Books & Media,West,Website,1,39.0,10.0,35.1,16.0,0.44,10.66,2,Yes
O100867,2025-05-08,C10340,Photography Guide,Books & Media,Northeast,Website,1,34.0,20.0,27.2,14.0,1.67,11.53,5,No
O100731,2025-05-08,C10322,Wireless Headphones,Electronics,West,Website,1,79.0,0.0,79.0,42.0,21.72,15.28,3,No
O101608,2025-05-08,C10554,Portable Stove,Outdoor,Midwest,Website,1,74.0,5.0,70.3,37.0,23.83,9.47,3,No
O101651,2025-05-08,C10373,Rain Jacket,Apparel,Northeast,Website,3,99.0,0.0,297.0,144.0,142.45,10.55,4,No
O101536,2025-05-09,C10236,Fleece Jacket,Apparel,Midwest,Website,2,84.0,0.0,168.0,78.0,78.44,11.56,2,No
O100487,2025-05-09,C10126,Office Chair,Home & Office,Midwest,Website,1,189.0,15.0,160.65,105.0,19.39,12.16,4,Yes
O101679,2025-05-09,C10057,Webcam,Electronics,Midwest,Website,1,69.0,5.0,65.55,36.0,18.52,11.03,5,No
O100221,2025-05-09,C10391,Desk Organizer,Home & Office,Northeast,Website,1,24.0,0.0,24.0,10.0,3.94,10.06,4,No
O100640,2025-05-09,C10629,Fleece Jacket,Apparel,West,Marketplace,1,84.0,2.0,82.32,39.0,28.82,14.5,7,No
O101150,2025-05-09,C10135,Performance Shirt,Apparel,Southeast,Website,1,45.0,10.0,40.5,19.0,9.63,11.87,5,No
O100667,2025-05-09,C10273,Performance Shirt,Apparel,Southwest,Website,1,45.0,10.0,40.5,19.0,7.02,14.48,4,No
O101985,2025-05-09,C10285,Wireless Headphones,Electronics,West,Website,1,79.0,30.0,55.3,42.0,3.71,9.59,3,No
O100908,2025-05-10,C10260,Desk Organizer,Home & Office,Southeast,Website,2,24.0,0.0,48.0,20.0,17.8,10.2,2,No
O100706,2025-05-10,C10118,Data Analytics Book,Books & Media,Northeast,Website,3,49.0,15.0,124.95,63.0,51.25,10.7,2,No
O100884,2025-05-10,C10368,Webcam,Electronics,Midwest,Website,1,69.0,0.0,69.0,36.0,24.82,8.18,4,No
O100096,2025-05-10,C10026,Desk Organizer,Home & Office,Northeast,Website,5,24.0,20.0,96.0,50.0,32.36,13.64,2,No
O101303,2025-05-10,C10553,Mechanical Keyboard,Electronics,Southwest,Website,1,95.0,30.0,66.5,51.0,6.23,9.27,4,No
O101909,2025-05-11,C10456,Office Chair,Home & Office,West,Mobile App,3,189.0,25.0,425.25,315.0,99.6,10.65,7,No
O101354,2025-05-11,C10343,Mechanical Keyboard,Electronics,Northeast,Website,2,95.0,0.0,190.0,102.0,74.36,13.64,3,No
O101910,2025-05-11,C10094,Standing Desk,Home & Office,Southwest,Website,1,349.0,15.0,296.65,205.0,77.07,14.58,5,No
O100675,2025-05-12,C10260,Insulated Bottle,Outdoor,Northeast,Mobile App,1,32.0,15.0,27.2,14.0,4.61,8.59,3,No
O101359,2025-05-12,C10088,Photography Guide,Books & Media,Southeast,Website,1,34.0,15.0,28.9,14.0,-5.11,12.01,5,Yes
O101850,2025-05-12,C10254,Hiking Pants,Apparel,Southeast,Website,1,79.0,5.0,75.05,35.0,30.31,9.74,4,No
O100736,2025-05-13,C10070,Trail Shoes,Apparel,Southwest,Website,1,129.0,15.0,109.65,68.0,30.72,10.93,4,No
O101086,2025-05-13,C10040,Insulated Bottle,Outdoor,Midwest,Mobile App,1,32.0,5.0,30.4,14.0,7.49,8.91,3,No
O101438,2025-05-14,C10208,Business Strategy Book,Books & Media,Midwest,Website,1,44.0,0.0,44.0,19.0,17.14,7.86,5,No
O101294,2025-05-14,C10243,Programming Book,Books & Media,Midwest,Marketplace,1,59.0,12.0,51.92,25.0,18.92,8.0,3,No
O101075,2025-05-14,C10214,Monitor Stand,Home & Office,Southeast,Website,2,59.0,10.0,106.2,56.0,36.64,13.56,3,No
O101670,2025-05-14,C10069,Webcam,Electronics,Southeast,Marketplace,2,69.0,12.0,121.44,72.0,36.94,12.5,4,No
O100212,2025-05-14,C10508,Webcam,Electronics,Midwest,Website,1,69.0,0.0,69.0,36.0,21.18,11.82,3,No
O100532,2025-05-14,C10270,Trail Shoes,Apparel,West,Mobile App,1,129.0,15.0,109.65,68.0,26.61,15.04,4,No
O101996,2025-05-15,C10598,Desk Lamp,Home & Office,Southwest,Mobile App,1,35.0,0.0,35.0,16.0,6.0,13.0,4,No
O101092,2025-05-15,C10336,Standing Desk,Home & Office,West,Marketplace,1,349.0,17.0,289.67,205.0,75.91,8.76,3,No
O100791,2025-05-15,C10627,Desk Organizer,Home & Office,Northeast,Mobile App,4,24.0,10.0,86.4,40.0,30.56,15.84,2,No
O100507,2025-05-15,C10537,Business Strategy Book,Books & Media,West,Marketplace,1,44.0,2.0,43.12,19.0,12.58,11.54,6,No
O100638,2025-05-15,C10358,Data Analytics Book,Books & Media,Northeast,Website,4,49.0,20.0,156.8,84.0,60.47,12.33,2,No
O101325,2025-05-15,C10648,USB-C Hub,Electronics,Southeast,Website,1,39.0,5.0,37.05,20.0,-1.62,10.67,5,Yes
O101915,2025-05-15,C10061,Standing Desk,Home & Office,Midwest,Mobile App,2,349.0,20.0,558.4,410.0,139.4,9.0,4,No
O100710,2025-05-16,C10472,Wireless Headphones,Electronics,West,Mobile App,1,79.0,10.0,71.1,42.0,15.78,13.32,5,No
O101742,2025-05-16,C10275,Portable Stove,Outdoor,West,Website,2,74.0,15.0,125.8,74.0,42.07,9.73,3,No
O100918,2025-05-16,C10188,Hiking Pants,Apparel,Southwest,Mobile App,2,79.0,25.0,118.5,70.0,37.43,11.07,3,No
O101577,2025-05-16,C10646,Rain Jacket,Apparel,West,Website,1,99.0,0.0,99.0,48.0,39.22,11.78,4,No
O100380,2025-05-16,C10057,Standing Desk,Home & Office,Northeast,Mobile App,1,349.0,5.0,331.55,205.0,118.79,7.76,4,No
O100147,2025-05-16,C10020,Fleece Jacket,Apparel,Midwest,Website,2,84.0,0.0,168.0,78.0,77.25,12.75,2,No
O101209,2025-05-17,C10164,USB-C Hub,Electronics,West,Mobile App,1,39.0,10.0,35.1,20.0,-7.68,14.78,4,Yes
O100839,2025-05-17,C10086,Fleece Jacket,Apparel,Southeast,Marketplace,1,84.0,7.0,78.12,39.0,25.78,13.34,5,No
O100460,2025-05-17,C10313,Hiking Pants,Apparel,Southeast,Mobile App,3,79.0,20.0,189.6,105.0,73.8,10.8,4,No
O100432,2025-05-17,C10247,Trail Shoes,Apparel,Southwest,Website,1,129.0,10.0,116.1,68.0,33.2,14.9,4,No
O101663,2025-05-17,C10115,Standing Desk,Home & Office,Southeast,Mobile App,4,349.0,5.0,1326.2,820.0,493.17,13.03,2,No
O101902,2025-05-17,C10438,Trail Shoes,Apparel,Southwest,Website,2,129.0,10.0,232.2,136.0,49.79,11.58,7,Yes
O100878,2025-05-18,C10513,Insulated Bottle,Outdoor,Southwest,Website,3,32.0,0.0,96.0,42.0,38.5,15.5,5,No
O101541,2025-05-18,C10165,Hiking Pants,Apparel,West,Website,1,79.0,10.0,71.1,35.0,21.35,14.75,5,No
O100357,2025-05-18,C10059,Desk Lamp,Home & Office,Midwest,Website,2,35.0,5.0,66.5,32.0,24.52,9.98,6,No
O100497,2025-05-18,C10103,Photography Guide,Books & Media,Northeast,Website,1,34.0,0.0,34.0,14.0,10.32,9.68,6,No
O101421,2025-05-18,C10577,Desk Organizer,Home & Office,Midwest,Website,1,24.0,20.0,19.2,10.0,-2.51,11.71,4,No
O100275,2025-05-18,C10004,Fleece Jacket,Apparel,Southeast,Website,1,84.0,20.0,67.2,39.0,17.39,10.81,1,No
O101884,2025-05-19,C10005,Monitor Stand,Home & Office,Midwest,Marketplace,1,59.0,17.0,48.97,28.0,9.35,11.62,5,No
O101828,2025-05-19,C10283,Wireless Headphones,Electronics,West,Website,3,79.0,25.0,177.75,126.0,41.12,10.63,3,No
O101558,2025-05-19,C10447,Bluetooth Speaker,Electronics,Southwest,Marketplace,1,65.0,22.0,50.7,34.0,4.86,11.84,6,No
O101847,2025-05-19,C10427,Portable Stove,Outdoor,Northeast,Website,2,74.0,30.0,103.6,74.0,16.86,12.74,2,No
O101669,2025-05-19,C10010,Fleece Jacket,Apparel,Southeast,Marketplace,2,84.0,7.0,156.24,78.0,67.48,10.76,4,No
O100199,2025-05-19,C10261,USB-C Hub,Electronics,Northeast,Website,1,39.0,5.0,37.05,20.0,1.03,8.02,3,Yes
O101028,2025-05-19,C10485,Monitor Stand,Home & Office,Southeast,Website,1,59.0,0.0,59.0,28.0,18.82,12.18,3,No
O100244,2025-05-19,C10631,Standing Desk,Home & Office,Midwest,Marketplace,1,349.0,7.0,324.57,205.0,109.36,10.21,7,No
O101476,2025-05-19,C10225,Photography Guide,Books & Media,Southeast,Website,1,34.0,10.0,30.6,14.0,7.34,9.26,4,No
O101740,2025-05-19,C10360,Fleece Jacket,Apparel,Northeast,Marketplace,1,84.0,27.0,61.32,39.0,9.49,12.83,2,No
O100192,2025-05-19,C10019,Mechanical Keyboard,Electronics,West,Mobile App,3,95.0,15.0,242.25,153.0,74.2,15.05,3,No
O100904,2025-05-20,C10375,Wireless Headphones,Electronics,West,Mobile App,1,79.0,0.0,79.0,42.0,23.76,13.24,3,No
O101816,2025-05-20,C10074,Data Analytics Book,Books & Media,Midwest,Mobile App,2,49.0,5.0,93.1,42.0,39.41,11.69,4,No
O101463,2025-05-20,C10555,Mechanical Keyboard,Electronics,Southeast,Marketplace,1,95.0,7.0,88.35,51.0,27.34,10.01,5,No
O100748,2025-05-20,C10267,Science Book,Books & Media,Southwest,Website,1,39.0,15.0,33.15,16.0,6.75,10.4,2,No
O100925,2025-05-20,C10586,Monitor Stand,Home & Office,Northeast,Website,1,59.0,30.0,41.3,28.0,-4.49,9.79,4,Yes
O100612,2025-05-20,C10106,Webcam,Electronics,West,Website,2,69.0,20.0,110.4,72.0,26.94,11.46,3,No
O100656,2025-05-21,C10178,Insulated Bottle,Outdoor,Southwest,Website,1,32.0,20.0,25.6,14.0,2.1,9.5,5,No
O100620,2025-05-21,C10157,Bluetooth Speaker,Electronics,Midwest,Mobile App,1,65.0,15.0,55.25,34.0,11.35,9.9,4,No
O100746,2025-05-21,C10386,Insulated Bottle,Outdoor,Midwest,Website,1,32.0,25.0,24.0,14.0,0.59,9.41,3,No
O100691,2025-05-22,C10008,Rain Jacket,Apparel,Midwest,Website,1,99.0,10.0,89.1,48.0,29.81,11.29,5,No
O101835,2025-05-22,C10580,Trail Shoes,Apparel,Southeast,Marketplace,1,129.0,2.0,126.42,68.0,50.01,8.41,4,No
O101015,2025-05-22,C10168,USB-C Hub,Electronics,West,Website,1,39.0,5.0,37.05,20.0,2.65,14.4,4,No
O100405,2025-05-22,C10087,Desk Organizer,Home & Office,West,Website,4,24.0,10.0,86.4,40.0,32.44,13.96,4,No
O100109,2025-05-23,C10201,Bluetooth Speaker,Electronics,Southeast,Marketplace,3,65.0,12.0,171.6,102.0,55.65,13.95,4,No
O100043,2025-05-23,C10315,Performance Shirt,Apparel,Southeast,Website,1,45.0,10.0,40.5,19.0,11.58,9.92,5,No
O101572,2025-05-23,C10634,Photography Guide,Books & Media,Northeast,Mobile App,2,34.0,0.0,68.0,28.0,29.34,10.66,2,No
O101895,2025-05-23,C10184,Portable Stove,Outdoor,Southeast,Marketplace,1,74.0,12.0,65.12,37.0,15.06,13.06,7,No
O101284,2025-05-23,C10114,Hiking Backpack,Outdoor,Northeast,Website,1,119.0,0.0,119.0,61.0,45.89,12.11,2,No
O100010,2025-05-23,C10594,Fleece Jacket,Apparel,Southeast,Marketplace,3,84.0,17.0,209.16,117.0,81.22,10.94,4,No
O101101,2025-05-23,C10552,Data Analytics Book,Books & Media,West,Mobile App,1,49.0,10.0,44.1,21.0,14.36,8.74,5,No
O101050,2025-05-24,C10185,Rain Jacket,Apparel,Northeast,Website,1,99.0,15.0,84.15,48.0,24.36,11.79,3,No
O101678,2025-05-24,C10233,Mechanical Keyboard,Electronics,Southeast,Website,2,95.0,20.0,152.0,102.0,37.49,12.51,6,No
O101512,2025-05-24,C10592,Standing Desk,Home & Office,Midwest,Website,1,349.0,5.0,331.55,205.0,117.52,9.03,5,No
O101058,2025-05-24,C10131,Webcam,Electronics,Southeast,Mobile App,1,69.0,25.0,51.75,36.0,1.8,13.95,1,No
O100848,2025-05-24,C10531,Desk Lamp,Home & Office,Northeast,Website,1,35.0,0.0,35.0,16.0,11.13,7.87,2,No
O101175,2025-05-24,C10548,Hiking Backpack,Outdoor,Midwest,Mobile App,2,119.0,20.0,190.4,122.0,57.03,11.37,6,No
O100813,2025-05-25,C10364,Office Chair,Home & Office,Southeast,Website,1,189.0,15.0,160.65,105.0,47.59,8.06,4,No
O101103,2025-05-25,C10289,Science Book,Books & Media,Southwest,Website,1,39.0,15.0,33.15,16.0,7.75,9.4,3,No
O101257,2025-05-25,C10506,Standing Desk,Home & Office,West,Mobile App,1,349.0,0.0,349.0,205.0,130.68,13.32,3,No
O100363,2025-05-26,C10384,USB-C Hub,Electronics,West,Mobile App,1,39.0,10.0,35.1,20.0,7.04,8.06,7,No
O101684,2025-05-26,C10168,Monitor Stand,Home & Office,Southwest,Mobile App,3,59.0,15.0,150.45,84.0,52.54,13.91,5,No
O101578,2025-05-26,C10238,Monitor Stand,Home & Office,West,Marketplace,2,59.0,7.0,109.74,56.0,42.64,11.1,3,No
O100958,2025-05-26,C10008,USB-C Hub,Electronics,Southwest,Website,1,39.0,0.0,39.0,20.0,7.11,11.89,3,No
O100442,2025-05-26,C10615,Fleece Jacket,Apparel,Northeast,Website,4,84.0,10.0,302.4,156.0,131.96,14.44,3,No
O100798,2025-05-26,C10039,Data Analytics Book,Books & Media,Midwest,Website,1,49.0,5.0,46.55,21.0,12.41,13.14,5,No
O101817,2025-05-26,C10523,Bluetooth Speaker,Electronics,Southeast,Mobile App,2,65.0,0.0,130.0,68.0,53.19,8.81,3,No
O101090,2025-05-26,C10236,Webcam,Electronics,Southeast,Website,1,69.0,10.0,62.1,36.0,14.97,11.13,1,No
O101647,2025-05-26,C10373,Webcam,Electronics,West,Mobile App,1,69.0,30.0,48.3,36.0,1.32,10.98,3,No
O100614,2025-05-27,C10189,Office Chair,Home & Office,Southeast,Website,5,189.0,0.0,945.0,525.0,401.11,18.89,3,No
O101243,2025-05-27,C10249,Science Book,Books & Media,West,Mobile App,1,39.0,0.0,39.0,16.0,12.42,10.58,5,No
O101969,2025-05-27,C10081,Rain Jacket,Apparel,Southwest,Mobile App,1,99.0,10.0,89.1,48.0,26.78,14.32,5,No
O100517,2025-05-27,C10459,Data Analytics Book,Books & Media,Midwest,Marketplace,1,49.0,2.0,48.02,21.0,17.58,9.44,5,No
O101756,2025-05-27,C10083,Desk Organizer,Home & Office,Northeast,Website,4,24.0,0.0,96.0,40.0,42.53,13.47,4,No
O100767,2025-05-27,C10596,Performance Shirt,Apparel,Northeast,Marketplace,1,45.0,7.0,41.85,19.0,14.55,8.3,4,No
O101555,2025-05-27,C10489,Science Book,Books & Media,Midwest,Website,2,39.0,25.0,58.5,32.0,12.36,14.14,3,No
O101384,2025-05-28,C10173,Data Analytics Book,Books & Media,Southeast,Website,1,49.0,15.0,41.65,21.0,10.28,10.37,4,No
O101914,2025-05-28,C10223,Insulated Bottle,Outdoor,Southeast,Mobile App,1,32.0,0.0,32.0,14.0,9.13,8.87,4,No
O100876,2025-05-28,C10318,Hiking Backpack,Outdoor,West,Website,1,119.0,25.0,89.25,61.0,13.04,15.21,3,No
O100119,2025-05-29,C10018,Desk Organizer,Home & Office,Midwest,Mobile App,1,24.0,25.0,18.0,10.0,-4.32,12.32,4,No
O100331,2025-05-29,C10048,Photography Guide,Books & Media,West,Website,2,34.0,15.0,57.8,28.0,11.44,9.69,4,Yes
O101083,2025-05-29,C10045,Hiking Backpack,Outdoor,Southeast,Marketplace,1,119.0,7.0,110.67,61.0,41.96,7.71,4,No
O100873,2025-05-29,C10218,Mechanical Keyboard,Electronics,Southeast,Website,5,95.0,5.0,451.25,255.0,177.66,18.59,5,No
O100591,2025-05-29,C10173,Data Analytics Book,Books & Media,Southwest,Mobile App,1,49.0,25.0,36.75,21.0,1.02,14.73,3,No
O100617,2025-05-29,C10369,Hiking Pants,Apparel,Northeast,Website,2,79.0,0.0,158.0,70.0,54.68,9.62,3,Yes
O101264,2025-05-29,C10114,Standing Desk,Home & Office,Southwest,Website,1,349.0,10.0,314.1,205.0,100.57,8.53,3,No
O101734,2025-05-30,C10525,Business Strategy Book,Books & Media,Southeast,Mobile App,2,44.0,5.0,83.6,38.0,32.19,13.41,1,No
O100200,2025-05-30,C10347,Photography Guide,Books & Media,West,Website,2,34.0,0.0,68.0,28.0,28.86,11.14,5,No
O100660,2025-05-31,C10319,Hiking Backpack,Outdoor,Southwest,Mobile App,3,119.0,20.0,285.6,183.0,90.5,12.1,4,No
O101047,2025-05-31,C10211,Trail Shoes,Apparel,Southeast,Marketplace,3,129.0,17.0,321.21,204.0,102.89,14.32,2,No
O101074,2025-05-31,C10033,Mechanical Keyboard,Electronics,Midwest,Marketplace,1,95.0,2.0,93.1,51.0,33.75,8.35,2,No
O100201,2025-05-31,C10035,Trail Shoes,Apparel,Southwest,Marketplace,1,129.0,2.0,126.42,68.0,44.46,13.96,3,No
O100317,2025-06-01,C10297,Photography Guide,Books & Media,West,Mobile App,2,34.0,20.0,54.4,28.0,15.46,10.94,5,No
O100400,2025-06-01,C10163,USB-C Hub,Electronics,West,Mobile App,2,39.0,25.0,58.5,40.0,-2.47,12.19,3,Yes
O101034,2025-06-01,C10097,Rain Jacket,Apparel,Southwest,Marketplace,3,99.0,12.0,261.36,144.0,105.94,11.42,7,No
O101930,2025-06-01,C10256,Camping Chair,Outdoor,Midwest,Mobile App,1,69.0,15.0,58.65,34.0,14.99,9.66,4,No
O101172,2025-06-01,C10413,Performance Shirt,Apparel,Northeast,Website,1,45.0,0.0,45.0,19.0,15.65,10.35,5,No
O101126,2025-06-01,C10115,Bluetooth Speaker,Electronics,Northeast,Website,1,65.0,5.0,61.75,34.0,19.23,8.52,3,No
O101475,2025-06-02,C10141,Trail Shoes,Apparel,Midwest,Website,4,129.0,0.0,516.0,272.0,229.65,14.35,3,No
O100519,2025-06-02,C10425,Mechanical Keyboard,Electronics,Southeast,Mobile App,3,95.0,20.0,228.0,153.0,63.69,11.31,5,No
O101099,2025-06-02,C10290,Desk Lamp,Home & Office,Southwest,Website,1,35.0,0.0,35.0,16.0,6.92,12.08,3,No
O101464,2025-06-02,C10599,Hiking Backpack,Outdoor,West,Marketplace,4,119.0,2.0,466.48,244.0,205.36,17.12,6,No
O100822,2025-06-02,C10593,Data Analytics Book,Books & Media,Midwest,Website,1,49.0,10.0,44.1,21.0,15.42,7.68,5,No
O100249,2025-06-03,C10062,USB-C Hub,Electronics,Midwest,Marketplace,3,39.0,7.0,108.81,60.0,33.67,15.14,5,No
O101162,2025-06-03,C10511,Wireless Headphones,Electronics,Northeast,Website,1,79.0,5.0,75.05,42.0,22.95,10.1,2,No
O100396,2025-06-04,C10308,Webcam,Electronics,Southeast,Website,4,69.0,10.0,248.4,144.0,89.74,14.66,3,No
O101854,2025-06-04,C10381,Performance Shirt,Apparel,Southeast,Website,5,45.0,0.0,225.0,95.0,115.23,14.77,5,No
O100252,2025-06-04,C10263,Camping Lantern,Outdoor,Northeast,Website,2,45.0,0.0,90.0,44.0,34.48,11.52,2,No
O101213,2025-06-04,C10144,Monitor Stand,Home & Office,West,Marketplace,1,59.0,22.0,46.02,28.0,9.69,8.33,5,No
O100849,2025-06-05,C10622,Insulated Bottle,Outdoor,Northeast,Mobile App,2,32.0,15.0,54.4,28.0,14.1,12.3,5,No
O100718,2025-06-05,C10524,Wireless Headphones,Electronics,Midwest,Mobile App,1,79.0,15.0,67.15,42.0,12.06,13.09,2,No
O100556,2025-06-05,C10640,Hiking Backpack,Outdoor,West,Website,1,119.0,15.0,101.15,61.0,31.3,8.85,4,No
O100430,2025-06-05,C10099,Office Chair,Home & Office,West,Marketplace,1,189.0,12.0,166.32,105.0,50.0,11.32,6,No
O100988,2025-06-05,C10572,Insulated Bottle,Outdoor,Northeast,Marketplace,1,32.0,12.0,28.16,14.0,1.1,13.06,4,No
O100312,2025-06-05,C10637,Data Analytics Book,Books & Media,Southwest,Website,1,49.0,10.0,44.1,21.0,10.38,12.72,2,No
O101245,2025-06-05,C10113,Rain Jacket,Apparel,Southwest,Marketplace,1,99.0,2.0,97.02,48.0,38.55,10.47,5,No
O100622,2025-06-05,C10004,Performance Shirt,Apparel,Midwest,Marketplace,2,45.0,2.0,88.2,38.0,41.28,8.92,5,No
O100898,2025-06-05,C10482,Webcam,Electronics,Southeast,Website,2,69.0,25.0,103.5,72.0,18.99,12.51,3,No
O100209,2025-06-05,C10600,Business Strategy Book,Books & Media,West,Website,1,44.0,5.0,41.8,19.0,13.21,9.59,4,No
O100174,2025-06-06,C10256,Camping Chair,Outdoor,Southeast,Website,4,69.0,20.0,220.8,136.0,70.71,14.09,3,No
O101587,2025-06-06,C10078,Portable Stove,Outdoor,Northeast,Website,1,74.0,0.0,74.0,37.0,24.34,12.66,3,No
O100865,2025-06-06,C10555,Portable Stove,Outdoor,Southeast,Website,2,74.0,0.0,148.0,74.0,63.99,10.01,1,No
O100560,2025-06-06,C10074,Rain Jacket,Apparel,Southeast,Website,1,99.0,10.0,89.1,48.0,27.47,13.63,5,No
O100906,2025-06-06,C10210,Monitor Stand,Home & Office,Midwest,Website,3,59.0,0.0,177.0,84.0,78.97,14.03,4,No
O101609,2025-06-06,C10085,Wireless Headphones,Electronics,Southwest,Website,1,79.0,15.0,67.15,42.0,15.26,9.89,3,No
O101241,2025-06-06,C10297,Fleece Jacket,Apparel,Midwest,Website,1,84.0,15.0,71.4,39.0,24.72,7.68,3,No
O100157,2025-06-06,C10482,Portable Stove,Outdoor,Northeast,Website,2,74.0,5.0,140.6,74.0,54.03,12.57,3,No
O101085,2025-06-07,C10616,Hiking Backpack,Outdoor,Midwest,Website,4,119.0,10.0,428.4,244.0,171.68,12.72,4,No
O101511,2025-06-07,C10319,Desk Lamp,Home & Office,Southwest,Website,3,35.0,15.0,89.25,48.0,30.53,10.72,6,No
O102000,2025-06-07,C10060,Standing Desk,Home & Office,Southwest,Website,1,349.0,15.0,296.65,205.0,78.39,13.26,6,No
O100678,2025-06-07,C10280,Data Analytics Book,Books & Media,West,Mobile App,5,49.0,25.0,183.75,105.0,58.4,20.35,5,No
O100279,2025-06-07,C10537,Camping Lantern,Outdoor,West,Website,1,45.0,10.0,40.5,22.0,8.17,10.33,4,No
O100800,2025-06-07,C10244,Portable Stove,Outdoor,Northeast,Mobile App,1,74.0,15.0,62.9,37.0,16.98,8.92,3,No
O101775,2025-06-07,C10148,Hiking Backpack,Outdoor,Midwest,Mobile App,1,119.0,10.0,107.1,61.0,35.04,11.06,3,No
O101326,2025-06-08,C10427,Portable Stove,Outdoor,Southeast,Mobile App,4,74.0,25.0,222.0,148.0,60.08,13.92,3,No
O100426,2025-06-08,C10484,Photography Guide,Books & Media,Northeast,Website,1,34.0,30.0,23.8,14.0,-0.39,10.19,5,No
O100502,2025-06-08,C10466,Webcam,Electronics,Midwest,Mobile App,1,69.0,5.0,65.55,36.0,21.66,7.89,2,No
O100929,2025-06-08,C10198,Camping Chair,Outdoor,Southwest,Mobile App,1,69.0,10.0,62.1,34.0,13.21,14.89,2,No
O101310,2025-06-09,C10283,Rain Jacket,Apparel,Southeast,Mobile App,3,99.0,10.0,267.3,144.0,69.28,13.93,2,Yes
O101459,2025-06-09,C10642,Hiking Pants,Apparel,Northeast,Mobile App,1,79.0,20.0,63.2,35.0,16.87,11.33,3,No
O101750,2025-06-09,C10327,USB-C Hub,Electronics,West,Mobile App,2,39.0,0.0,78.0,40.0,24.37,13.63,4,No
O101830,2025-06-09,C10574,Camping Chair,Outdoor,West,Website,1,69.0,5.0,65.55,34.0,18.83,12.72,7,No
O100392,2025-06-09,C10354,Performance Shirt,Apparel,Midwest,Marketplace,1,45.0,2.0,44.1,19.0,14.89,10.21,6,No
O101381,2025-06-10,C10407,Desk Organizer,Home & Office,Southeast,Marketplace,1,24.0,17.0,19.92,10.0,2.33,7.59,5,No
O100112,2025-06-10,C10389,Portable Stove,Outdoor,Southeast,Website,1,74.0,25.0,55.5,37.0,7.41,11.09,2,No
O101128,2025-06-10,C10598,Fleece Jacket,Apparel,Northeast,Website,1,84.0,0.0,84.0,39.0,37.24,7.76,4,No
O101104,2025-06-10,C10379,Office Chair,Home & Office,Midwest,Mobile App,5,189.0,15.0,803.25,525.0,265.43,12.82,4,No
O100030,2025-06-11,C10280,Portable Stove,Outdoor,Northeast,Marketplace,2,74.0,2.0,145.04,74.0,35.27,14.01,4,Yes
O100891,2025-06-11,C10395,Data Analytics Book,Books & Media,Southeast,Mobile App,1,49.0,0.0,49.0,21.0,11.3,8.7,4,Yes
O101065,2025-06-11,C10421,Rain Jacket,Apparel,Southeast,Mobile App,1,99.0,10.0,89.1,48.0,31.49,9.61,3,No
O100190,2025-06-11,C10551,Desk Organizer,Home & Office,Southeast,Website,2,24.0,15.0,40.8,20.0,9.85,10.95,5,No
O101809,2025-06-12,C10334,Fleece Jacket,Apparel,West,Website,2,84.0,5.0,159.6,78.0,66.64,14.96,3,No
O101812,2025-06-12,C10619,Data Analytics Book,Books & Media,Southwest,Mobile App,3,49.0,5.0,139.65,63.0,65.85,10.8,4,No
O101076,2025-06-12,C10373,Performance Shirt,Apparel,Southwest,Website,4,45.0,10.0,162.0,76.0,73.71,12.29,3,No
O101840,2025-06-12,C10221,Camping Lantern,Outdoor,Southwest,Website,1,45.0,10.0,40.5,22.0,8.25,10.25,2,No
O100473,2025-06-12,C10341,Portable Stove,Outdoor,West,Website,1,74.0,20.0,59.2,37.0,12.56,9.64,3,No
O101571,2025-06-12,C10433,Hiking Pants,Apparel,Midwest,Mobile App,2,79.0,5.0,150.1,70.0,69.91,10.19,2,No
O101514,2025-06-13,C10251,Bluetooth Speaker,Electronics,Southeast,Mobile App,3,65.0,5.0,185.25,102.0,68.96,14.29,4,No
O101843,2025-06-13,C10489,Office Chair,Home & Office,Midwest,Marketplace,1,189.0,17.0,156.87,105.0,39.77,12.1,6,No
O101378,2025-06-13,C10532,Fleece Jacket,Apparel,Southwest,Website,1,84.0,15.0,71.4,39.0,23.76,8.64,5,No
O101131,2025-06-13,C10478,Data Analytics Book,Books & Media,West,Website,1,49.0,5.0,46.55,21.0,14.54,11.01,5,No
O100315,2025-06-13,C10332,Bluetooth Speaker,Electronics,Southeast,Mobile App,2,65.0,20.0,104.0,68.0,21.39,14.61,3,No
O101302,2025-06-14,C10593,Camping Lantern,Outdoor,West,Marketplace,1,45.0,12.0,39.6,22.0,7.8,9.8,7,No
O100082,2025-06-14,C10321,Fleece Jacket,Apparel,West,Website,2,84.0,25.0,126.0,78.0,16.46,12.64,2,Yes
O101343,2025-06-14,C10107,Office Chair,Home & Office,Southeast,Website,4,189.0,5.0,718.2,420.0,285.95,12.25,4,No
O101520,2025-06-14,C10378,Trail Shoes,Apparel,Northeast,Website,1,129.0,0.0,129.0,68.0,32.86,8.79,5,Yes
O101029,2025-06-14,C10455,Portable Stove,Outdoor,Midwest,Marketplace,1,74.0,17.0,61.42,37.0,16.43,7.99,4,No
O100967,2025-06-14,C10246,Trail Shoes,Apparel,Midwest,Website,2,129.0,0.0,258.0,136.0,109.12,12.88,4,No
O101751,2025-06-14,C10580,Monitor Stand,Home & Office,Northeast,Website,1,59.0,20.0,47.2,28.0,10.67,8.53,4,No
O100725,2025-06-15,C10552,Trail Shoes,Apparel,West,Website,1,129.0,20.0,103.2,68.0,22.02,13.18,4,No
O100465,2025-06-15,C10264,USB-C Hub,Electronics,Northeast,Website,1,39.0,0.0,39.0,20.0,10.37,8.63,5,No
O100831,2025-06-15,C10499,Rain Jacket,Apparel,Southeast,Mobile App,1,99.0,25.0,74.25,48.0,12.23,14.02,1,No
O101121,2025-06-15,C10238,Programming Book,Books & Media,Southwest,Mobile App,1,59.0,15.0,50.15,25.0,16.61,8.54,5,No
O100531,2025-06-15,C10054,Hiking Backpack,Outdoor,Northeast,Website,2,119.0,0.0,238.0,122.0,101.55,14.45,6,No
O100646,2025-06-15,C10548,Webcam,Electronics,West,Website,1,69.0,10.0,62.1,36.0,17.4,8.7,4,No
O101036,2025-06-15,C10057,Monitor Stand,Home & Office,Northeast,Website,1,59.0,30.0,41.3,28.0,-4.71,10.01,1,Yes
O101407,2025-06-15,C10288,Camping Chair,Outdoor,Southwest,Website,2,69.0,10.0,124.2,68.0,46.94,9.26,4,No
O101460,2025-06-15,C10350,Monitor Stand,Home & Office,Midwest,Mobile App,1,59.0,5.0,56.05,28.0,18.01,10.04,3,No
O100542,2025-06-16,C10374,Rain Jacket,Apparel,Southwest,Website,1,99.0,25.0,74.25,48.0,15.36,10.89,6,No
O100874,2025-06-16,C10531,Camping Chair,Outdoor,Midwest,Mobile App,3,69.0,15.0,175.95,102.0,62.67,11.28,2,No
O100536,2025-06-16,C10600,USB-C Hub,Electronics,Southwest,Mobile App,1,39.0,5.0,37.05,20.0,3.59,13.46,3,No
O101825,2025-06-16,C10279,Performance Shirt,Apparel,Southeast,Mobile App,1,45.0,0.0,45.0,19.0,15.22,10.78,4,No
O101516,2025-06-17,C10063,Desk Lamp,Home & Office,Southeast,Website,2,35.0,15.0,59.5,32.0,14.9,12.6,5,No
O101200,2025-06-17,C10609,Business Strategy Book,Books & Media,Northeast,Marketplace,1,44.0,12.0,38.72,19.0,12.05,7.67,5,No
O100794,2025-06-17,C10609,Trail Shoes,Apparel,West,Mobile App,4,129.0,0.0,516.0,272.0,224.69,19.31,3,No
O100089,2025-06-17,C10144,Bluetooth Speaker,Electronics,Midwest,Website,1,65.0,0.0,65.0,34.0,19.99,11.01,3,No
O100936,2025-06-17,C10632,Desk Organizer,Home & Office,Midwest,Mobile App,2,24.0,5.0,45.6,20.0,13.43,12.17,1,No
O101352,2025-06-17,C10542,Rain Jacket,Apparel,Southeast,Website,1,99.0,5.0,94.05,48.0,36.27,9.78,4,No
O100504,2025-06-17,C10297,Performance Shirt,Apparel,Midwest,Mobile App,4,45.0,10.0,162.0,76.0,44.38,17.32,3,Yes
O100806,2025-06-18,C10482,Portable Stove,Outdoor,Southeast,Mobile App,1,74.0,15.0,62.9,37.0,18.44,7.46,4,No
O101553,2025-06-18,C10641,Hiking Backpack,Outdoor,Northeast,Website,2,119.0,10.0,214.2,122.0,78.31,13.89,3,No
O100974,2025-06-18,C10151,Portable Stove,Outdoor,Southeast,Marketplace,1,74.0,2.0,72.52,37.0,26.94,8.58,4,No
O100619,2025-06-18,C10289,Bluetooth Speaker,Electronics,Northeast,Website,1,65.0,5.0,61.75,34.0,18.92,8.83,6,No
O100792,2025-06-18,C10181,Science Book,Books & Media,Southeast,Mobile App,2,39.0,25.0,58.5,32.0,11.92,14.58,1,No
O100601,2025-06-18,C10212,Fleece Jacket,Apparel,Southwest,Website,1,84.0,10.0,75.6,39.0,27.51,9.09,5,No
O101515,2025-06-19,C10138,Webcam,Electronics,Midwest,Website,2,69.0,25.0,103.5,72.0,22.38,9.12,5,No
O100557,2025-06-19,C10168,Performance Shirt,Apparel,Southeast,Marketplace,1,45.0,2.0,44.1,19.0,15.04,10.06,2,No
O101273,2025-06-19,C10470,Portable Stove,Outdoor,Midwest,Website,1,74.0,15.0,62.9,37.0,12.59,13.31,6,No
O100441,2025-06-19,C10360,Desk Lamp,Home & Office,Southwest,Mobile App,1,35.0,0.0,35.0,16.0,10.96,8.04,2,No
O101757,2025-06-19,C10353,USB-C Hub,Electronics,Northeast,Website,1,39.0,10.0,35.1,20.0,7.02,8.08,5,No
O101151,2025-06-19,C10014,Desk Organizer,Home & Office,Midwest,Website,1,24.0,20.0,19.2,10.0,-0.53,9.73,3,No
O101956,2025-06-19,C10260,Standing Desk,Home & Office,Southeast,Mobile App,2,349.0,5.0,663.1,410.0,243.13,9.97,5,No
O100048,2025-06-19,C10587,Wireless Headphones,Electronics,Southwest,Marketplace,1,79.0,7.0,73.47,42.0,5.4,15.05,6,Yes
O101942,2025-06-19,C10273,Rain Jacket,Apparel,Southeast,Website,2,99.0,10.0,178.2,96.0,72.14,10.06,4,No
O101442,2025-06-20,C10200,Camping Chair,Outdoor,Southeast,Website,2,69.0,15.0,117.3,68.0,36.93,12.37,2,No
O100755,2025-06-20,C10421,Mechanical Keyboard,Electronics,West,Website,1,95.0,20.0,76.0,51.0,12.3,12.7,7,No
O101317,2025-06-20,C10568,Hiking Pants,Apparel,Northeast,Mobile App,1,79.0,10.0,71.1,35.0,23.69,12.41,6,No
O100890,2025-06-20,C10400,Standing Desk,Home & Office,Southeast,Mobile App,2,349.0,20.0,558.4,410.0,133.48,14.92,3,No
O100139,2025-06-20,C10579,Fleece Jacket,Apparel,Southeast,Mobile App,1,84.0,10.0,75.6,39.0,27.14,9.46,3,No
O100733,2025-06-20,C10198,Business Strategy Book,Books & Media,Midwest,Website,1,44.0,5.0,41.8,19.0,10.09,12.71,4,No
O100440,2025-06-21,C10253,Monitor Stand,Home & Office,West,Marketplace,1,59.0,12.0,51.92,28.0,9.49,14.43,6,No
O101733,2025-06-21,C10461,Desk Organizer,Home & Office,Southwest,Mobile App,1,24.0,15.0,20.4,10.0,-1.89,12.29,4,No
O101079,2025-06-21,C10101,Desk Organizer,Home & Office,Northeast,Website,1,24.0,0.0,24.0,10.0,5.77,8.23,7,No
O101912,2025-06-21,C10432,Data Analytics Book,Books & Media,Southeast,Website,1,49.0,5.0,46.55,21.0,17.1,8.45,4,No
O101038,2025-06-21,C10523,Mechanical Keyboard,Electronics,West,Marketplace,1,95.0,2.0,93.1,51.0,33.21,8.89,6,No
O100257,2025-06-22,C10184,Webcam,Electronics,Midwest,Website,3,69.0,25.0,155.25,108.0,32.58,14.67,3,No
O101778,2025-06-22,C10327,Bluetooth Speaker,Electronics,Southwest,Mobile App,1,65.0,5.0,61.75,34.0,13.6,14.15,3,No
O100703,2025-06-22,C10038,Hiking Pants,Apparel,Southeast,Mobile App,1,79.0,15.0,67.15,35.0,20.6,11.55,2,No
O100047,2025-06-22,C10249,Science Book,Books & Media,Midwest,Website,2,39.0,5.0,74.1,32.0,32.41,9.69,4,No
O100193,2025-06-22,C10131,Performance Shirt,Apparel,Midwest,Website,1,45.0,10.0,40.5,19.0,11.76,9.74,6,No
O100207,2025-06-22,C10388,Standing Desk,Home & Office,West,Marketplace,2,349.0,17.0,579.34,410.0,153.89,15.45,5,No
O100049,2025-06-23,C10122,Rain Jacket,Apparel,West,Marketplace,1,99.0,17.0,82.17,48.0,19.64,14.53,5,No
O100120,2025-06-23,C10615,Mechanical Keyboard,Electronics,Southeast,Mobile App,1,95.0,5.0,90.25,51.0,30.03,9.22,3,No
O101388,2025-06-23,C10232,Photography Guide,Books & Media,Northeast,Website,1,34.0,15.0,28.9,14.0,3.78,11.12,4,No
O101345,2025-06-23,C10522,Science Book,Books & Media,West,Mobile App,1,39.0,10.0,35.1,16.0,6.54,12.56,5,No
O100118,2025-06-23,C10237,Office Chair,Home & Office,Southwest,Website,4,189.0,10.0,680.4,420.0,244.44,15.96,2,No
O101439,2025-06-23,C10101,Trail Shoes,Apparel,West,Website,1,129.0,0.0,129.0,68.0,51.83,9.17,5,No
O100033,2025-06-23,C10640,Standing Desk,Home & Office,Northeast,Marketplace,1,349.0,27.0,254.77,205.0,36.76,13.01,5,No
O100589,2025-06-23,C10496,Desk Organizer,Home & Office,Midwest,Marketplace,1,24.0,7.0,22.32,10.0,4.66,7.66,7,No
O101859,2025-06-23,C10352,Rain Jacket,Apparel,Southwest,Website,1,99.0,0.0,99.0,48.0,36.89,14.11,3,No
O100390,2025-06-23,C10620,Camping Lantern,Outdoor,West,Website,1,45.0,10.0,40.5,22.0,3.13,15.37,4,No
O101574,2025-06-23,C10114,Standing Desk,Home & Office,West,Website,1,349.0,10.0,314.1,205.0,52.92,9.07,6,Yes
O101848,2025-06-24,C10071,Mechanical Keyboard,Electronics,Midwest,Mobile App,4,95.0,20.0,304.0,204.0,85.97,14.03,3,No
O100730,2025-06-24,C10020,Desk Lamp,Home & Office,Southeast,Mobile App,1,35.0,5.0,33.25,16.0,8.7,8.55,5,No
O100939,2025-06-24,C10089,Trail Shoes,Apparel,Southeast,Marketplace,1,129.0,2.0,126.42,68.0,44.82,13.6,4,No
O100522,2025-06-24,C10470,USB-C Hub,Electronics,Midwest,Website,3,39.0,15.0,99.45,60.0,26.26,13.19,5,No
O100306,2025-06-24,C10070,Science Book,Books & Media,Midwest,Website,1,39.0,0.0,39.0,16.0,14.78,8.22,3,No
O101518,2025-06-24,C10444,Desk Lamp,Home & Office,West,Website,4,35.0,25.0,105.0,64.0,24.93,16.07,3,No
O101251,2025-06-24,C10002,Hiking Pants,Apparel,Southwest,Marketplace,2,79.0,2.0,154.84,70.0,70.46,14.38,4,No
O101673,2025-06-24,C10387,Camping Chair,Outdoor,West,Mobile App,1,69.0,20.0,55.2,34.0,13.38,7.82,5,No
O100462,2025-06-24,C10287,Portable Stove,Outdoor,Northeast,Website,1,74.0,0.0,74.0,37.0,28.49,8.51,6,No
O101419,2025-06-24,C10353,Camping Chair,Outdoor,Northeast,Mobile App,2,69.0,10.0,124.2,68.0,46.68,9.52,4,No
O101621,2025-06-24,C10563,Performance Shirt,Apparel,Midwest,Website,1,45.0,0.0,45.0,19.0,13.16,12.84,3,No
O100439,2025-06-25,C10284,USB-C Hub,Electronics,Northeast,Website,1,39.0,0.0,39.0,20.0,7.26,11.74,4,No
O101597,2025-06-25,C10350,Photography Guide,Books & Media,Midwest,Mobile App,1,34.0,0.0,34.0,14.0,6.69,13.31,3,No
O101760,2025-06-25,C10490,Programming Book,Books & Media,West,Website,3,59.0,10.0,159.3,75.0,73.31,10.99,6,No
O101950,2025-06-25,C10267,Business Strategy Book,Books & Media,Northeast,Mobile App,1,44.0,15.0,37.4,19.0,6.05,12.35,3,No
O100260,2025-06-25,C10254,Camping Chair,Outdoor,Midwest,Marketplace,1,69.0,2.0,67.62,34.0,24.51,9.11,6,No
O101535,2025-06-25,C10309,Trail Shoes,Apparel,Northeast,Website,1,129.0,0.0,129.0,68.0,48.0,13.0,4,No
O100224,2025-06-25,C10354,Office Chair,Home & Office,Northeast,Website,1,189.0,25.0,141.75,105.0,27.7,9.05,5,No
O100789,2025-06-26,C10374,Trail Shoes,Apparel,Southwest,Marketplace,1,129.0,17.0,107.07,68.0,29.51,9.56,4,No
O100637,2025-06-26,C10315,Hiking Backpack,Outdoor,West,Website,1,119.0,5.0,113.05,61.0,42.24,9.81,1,No
O100258,2025-06-26,C10114,Office Chair,Home & Office,West,Marketplace,1,189.0,27.0,137.97,105.0,24.5,8.47,7,No
O100561,2025-06-26,C10503,USB-C Hub,Electronics,West,Website,1,39.0,0.0,39.0,20.0,7.73,11.27,3,No
O100130,2025-06-26,C10199,USB-C Hub,Electronics,Northeast,Marketplace,1,39.0,12.0,34.32,20.0,6.8,7.52,2,No
O100709,2025-06-26,C10277,Mechanical Keyboard,Electronics,Midwest,Marketplace,3,95.0,17.0,236.55,153.0,70.78,12.77,6,No
O100558,2025-06-27,C10147,Desk Organizer,Home & Office,West,Website,3,24.0,5.0,68.4,30.0,20.55,17.85,3,No
O101781,2025-06-27,C10456,Office Chair,Home & Office,Southwest,Marketplace,2,189.0,2.0,370.44,210.0,145.57,14.87,7,No
O100962,2025-06-28,C10584,Desk Organizer,Home & Office,Midwest,Marketplace,1,24.0,7.0,22.32,10.0,0.72,11.6,5,No
O100985,2025-06-28,C10328,Portable Stove,Outdoor,Southeast,Website,1,74.0,10.0,66.6,37.0,21.28,8.32,2,No
O100845,2025-06-28,C10084,Science Book,Books & Media,Midwest,Website,1,39.0,10.0,35.1,16.0,8.98,10.12,4,No
O100642,2025-06-28,C10473,Office Chair,Home & Office,Midwest,Mobile App,1,189.0,20.0,151.2,105.0,33.35,12.85,2,No
O100684,2025-06-28,C10148,Desk Organizer,Home & Office,Southeast,Website,4,24.0,5.0,91.2,40.0,35.79,15.41,6,No
O100692,2025-06-29,C10293,Desk Organizer,Home & Office,West,Website,2,24.0,10.0,43.2,20.0,8.39,14.81,3,No
O101998,2025-06-29,C10035,Wireless Headphones,Electronics,West,Mobile App,1,79.0,10.0,71.1,42.0,17.98,11.12,2,No
O101594,2025-06-29,C10397,Office Chair,Home & Office,Southeast,Mobile App,1,189.0,15.0,160.65,105.0,45.54,10.11,2,No
O100713,2025-06-29,C10212,Portable Stove,Outdoor,Northeast,Marketplace,1,74.0,2.0,72.52,37.0,15.98,8.66,3,Yes
O100928,2025-06-29,C10585,Data Analytics Book,Books & Media,Southeast,Website,1,49.0,5.0,46.55,21.0,6.36,11.19,2,Yes
O101088,2025-06-29,C10608,Camping Lantern,Outdoor,West,Website,1,45.0,0.0,45.0,22.0,9.52,13.48,4,No
O100971,2025-06-30,C10097,Hiking Backpack,Outdoor,Southwest,Website,1,119.0,5.0,113.05,61.0,41.59,10.46,3,No
O100959,2025-06-30,C10170,Office Chair,Home & Office,Southwest,Marketplace,2,189.0,12.0,332.64,210.0,113.22,9.42,5,No
O100950,2025-06-30,C10424,Programming Book,Books & Media,West,Marketplace,2,59.0,2.0,115.64,50.0,48.87,16.77,5,No
O100134,2025-06-30,C10238,Mechanical Keyboard,Electronics,Midwest,Mobile App,1,95.0,15.0,80.75,51.0,22.22,7.53,4,No
O100370,2025-06-30,C10511,Trail Shoes,Apparel,Southwest,Marketplace,1,129.0,22.0,100.62,68.0,20.49,12.13,6,No
O100078,2025-06-30,C10494,USB-C Hub,Electronics,Northeast,Marketplace,2,39.0,17.0,64.74,40.0,11.07,13.67,4,No
O101279,2025-06-30,C10291,Performance Shirt,Apparel,Midwest,Marketplace,2,45.0,2.0,88.2,38.0,37.95,12.25,7,No
O101543,2025-06-30,C10079,Hiking Pants,Apparel,Southeast,Website,2,79.0,15.0,134.3,70.0,35.28,8.88,2,Yes
O100458,2025-06-30,C10574,Bluetooth Speaker,Electronics,Midwest,Website,4,65.0,15.0,221.0,136.0,70.28,14.72,2,No
O100717,2025-07-01,C10575,Rain Jacket,Apparel,Northeast,Website,2,99.0,15.0,168.3,96.0,60.52,11.78,4,No
O100327,2025-07-01,C10040,Bluetooth Speaker,Electronics,Northeast,Website,1,65.0,10.0,58.5,34.0,13.74,10.76,5,No
O100836,2025-07-01,C10347,Data Analytics Book,Books & Media,Southwest,Website,1,49.0,0.0,49.0,21.0,17.19,10.81,8,No
O101972,2025-07-01,C10255,Desk Organizer,Home & Office,Northeast,Mobile App,1,24.0,25.0,18.0,10.0,-2.71,10.71,4,No
O101277,2025-07-01,C10176,Camping Chair,Outdoor,Midwest,Website,2,69.0,0.0,138.0,68.0,56.35,13.65,4,No
O100475,2025-07-01,C10012,Desk Organizer,Home & Office,Southwest,Marketplace,1,24.0,27.0,17.52,10.0,-7.1,14.62,7,No
O100935,2025-07-02,C10532,Desk Organizer,Home & Office,Midwest,Mobile App,1,24.0,0.0,24.0,10.0,4.45,9.55,4,No
O101347,2025-07-02,C10532,Portable Stove,Outdoor,Southeast,Website,1,74.0,10.0,66.6,37.0,16.65,12.95,5,No
O100053,2025-07-02,C10197,Bluetooth Speaker,Electronics,West,Marketplace,2,65.0,2.0,127.4,68.0,48.1,11.3,6,No
O101446,2025-07-03,C10331,USB-C Hub,Electronics,Southwest,Website,4,39.0,0.0,156.0,80.0,33.99,18.61,6,Yes
O101906,2025-07-03,C10172,Trail Shoes,Apparel,Midwest,Mobile App,2,129.0,15.0,219.3,136.0,73.8,9.5,4,No
O100344,2025-07-03,C10599,Science Book,Books & Media,Southeast,Website,1,39.0,25.0,29.25,16.0,-0.79,14.04,3,No
O101529,2025-07-03,C10206,Wireless Headphones,Electronics,Southeast,Website,5,79.0,0.0,395.0,210.0,171.41,13.59,2,No
O101545,2025-07-03,C10013,Hiking Backpack,Outdoor,Midwest,Mobile App,1,119.0,0.0,119.0,61.0,49.17,8.83,4,No
O100448,2025-07-04,C10226,Camping Chair,Outdoor,Northeast,Mobile App,3,69.0,20.0,165.6,102.0,50.39,13.21,4,No
O101497,2025-07-04,C10287,Desk Lamp,Home & Office,Northeast,Website,1,35.0,15.0,29.75,16.0,6.34,7.41,1,No
O100537,2025-07-04,C10578,Webcam,Electronics,West,Marketplace,1,69.0,12.0,60.72,36.0,13.47,11.25,5,No
O100143,2025-07-04,C10556,Hiking Backpack,Outdoor,West,Marketplace,2,119.0,32.0,161.84,122.0,28.12,11.72,6,No
O100686,2025-07-04,C10159,Standing Desk,Home & Office,Southwest,Mobile App,2,349.0,25.0,523.5,410.0,98.49,15.01,5,No
O101794,2025-07-04,C10153,Desk Organizer,Home & Office,Southeast,Mobile App,1,24.0,0.0,24.0,10.0,5.71,8.29,2,No
O100651,2025-07-04,C10498,Performance Shirt,Apparel,Northeast,Website,2,45.0,0.0,90.0,38.0,43.29,8.71,4,No
O100214,2025-07-05,C10395,Rain Jacket,Apparel,Northeast,Mobile App,1,99.0,20.0,79.2,48.0,19.48,11.72,4,No
O100395,2025-07-05,C10574,Monitor Stand,Home & Office,Northeast,Website,1,59.0,15.0,50.15,28.0,11.87,10.28,4,No
O101364,2025-07-05,C10101,Desk Lamp,Home & Office,West,Mobile App,1,35.0,10.0,31.5,16.0,7.77,7.73,3,No
O100815,2025-07-05,C10010,Camping Chair,Outdoor,Midwest,Website,1,69.0,20.0,55.2,34.0,8.02,13.18,4,No
O100525,2025-07-06,C10380,Fleece Jacket,Apparel,Northeast,Website,2,84.0,5.0,159.6,78.0,43.94,13.72,4,Yes
O100520,2025-07-06,C10210,Rain Jacket,Apparel,West,Marketplace,4,99.0,12.0,348.48,192.0,140.74,15.74,4,No
O101059,2025-07-06,C10350,Data Analytics Book,Books & Media,Northeast,Website,1,49.0,25.0,36.75,21.0,8.02,7.73,6,No
O100367,2025-07-06,C10379,Wireless Headphones,Electronics,Midwest,Mobile App,1,79.0,10.0,71.1,42.0,16.96,12.14,2,No
O100655,2025-07-06,C10063,Portable Stove,Outdoor,Midwest,Mobile App,3,74.0,10.0,199.8,111.0,74.04,14.76,3,No
O100649,2025-07-07,C10102,Desk Lamp,Home & Office,Midwest,Mobile App,1,35.0,25.0,26.25,16.0,2.24,8.01,2,No
O101216,2025-07-07,C10567,Office Chair,Home & Office,Northeast,Mobile App,2,189.0,0.0,378.0,210.0,156.34,11.66,5,No
O101831,2025-07-07,C10158,Desk Lamp,Home & Office,Southwest,Website,1,35.0,0.0,35.0,16.0,-3.67,14.67,6,Yes
O101617,2025-07-07,C10519,Insulated Bottle,Outdoor,Northeast,Marketplace,1,32.0,17.0,26.56,14.0,3.81,8.75,3,No
O100248,2025-07-08,C10013,Bluetooth Speaker,Electronics,Southeast,Mobile App,1,65.0,20.0,52.0,34.0,-2.0,12.0,4,Yes
O101931,2025-07-08,C10112,Desk Lamp,Home & Office,Southwest,Website,1,35.0,20.0,28.0,16.0,-2.99,14.99,4,No
O100632,2025-07-08,C10277,Performance Shirt,Apparel,Southeast,Mobile App,4,45.0,5.0,171.0,76.0,77.95,17.05,4,No
O101377,2025-07-08,C10282,Camping Lantern,Outdoor,Southwest,Website,1,45.0,0.0,45.0,22.0,15.31,7.69,3,No
O100330,2025-07-08,C10488,Wireless Headphones,Electronics,West,Mobile App,1,79.0,0.0,79.0,42.0,21.6,15.4,4,No
O101290,2025-07-09,C10464,Hiking Pants,Apparel,Southeast,Website,1,79.0,15.0,67.15,35.0,23.94,8.21,3,No
O101322,2025-07-10,C10533,Mechanical Keyboard,Electronics,Northeast,Website,1,95.0,5.0,90.25,51.0,31.02,8.23,4,No
O101860,2025-07-10,C10618,Insulated Bottle,Outdoor,Southeast,Marketplace,3,32.0,22.0,74.88,42.0,22.01,10.87,6,No
O100553,2025-07-10,C10029,Science Book,Books & Media,Southwest,Mobile App,2,39.0,20.0,62.4,32.0,18.44,11.96,4,No
O100773,2025-07-10,C10340,Desk Lamp,Home & Office,Northeast,Website,1,35.0,0.0,35.0,16.0,6.25,12.75,5,No
O100567,2025-07-11,C10629,Performance Shirt,Apparel,Southeast,Mobile App,1,45.0,10.0,40.5,19.0,11.71,9.79,2,No
O101418,2025-07-11,C10001,Mechanical Keyboard,Electronics,Midwest,Marketplace,5,95.0,2.0,465.5,255.0,196.94,13.56,4,No
O101741,2025-07-11,C10374,Monitor Stand,Home & Office,Midwest,Mobile App,1,59.0,5.0,56.05,28.0,19.43,8.62,2,No
O101675,2025-07-11,C10227,Desk Organizer,Home & Office,West,Website,4,24.0,0.0,96.0,40.0,37.26,18.74,5,No
O101797,2025-07-12,C10426,Standing Desk,Home & Office,West,Website,2,349.0,15.0,593.3,410.0,81.42,12.89,6,Yes
O101622,2025-07-12,C10444,Desk Organizer,Home & Office,Southeast,Marketplace,2,24.0,2.0,47.04,20.0,16.75,10.29,6,No
O101953,2025-07-12,C10614,Standing Desk,Home & Office,West,Marketplace,2,349.0,17.0,579.34,410.0,154.65,14.69,5,No
O101169,2025-07-12,C10329,Desk Lamp,Home & Office,West,Website,2,35.0,0.0,70.0,32.0,28.39,9.61,3,No
O100995,2025-07-12,C10059,Webcam,Electronics,West,Website,2,69.0,10.0,124.2,72.0,36.57,15.63,4,No
O100955,2025-07-13,C10495,Wireless Headphones,Electronics,Southeast,Website,4,79.0,10.0,284.4,168.0,104.25,12.15,3,No
O101712,2025-07-13,C10416,Performance Shirt,Apparel,Northeast,Website,1,45.0,15.0,38.25,19.0,10.55,8.7,2,No
O100464,2025-07-13,C10090,USB-C Hub,Electronics,Midwest,Website,1,39.0,5.0,37.05,20.0,9.02,8.03,1,No
O101739,2025-07-13,C10494,Camping Chair,Outdoor,Southeast,Marketplace,1,69.0,22.0,53.82,34.0,8.38,11.44,3,No
O101393,2025-07-13,C10263,Programming Book,Books & Media,Southeast,Website,1,59.0,10.0,53.1,25.0,17.44,10.66,3,No
O101949,2025-07-14,C10108,Fleece Jacket,Apparel,West,Mobile App,1,84.0,0.0,84.0,39.0,32.02,12.98,5,No
O101716,2025-07-14,C10327,Monitor Stand,Home & Office,Southeast,Marketplace,1,59.0,17.0,48.97,28.0,7.85,13.12,3,No
O100310,2025-07-14,C10111,Desk Organizer,Home & Office,Northeast,Mobile App,1,24.0,5.0,22.8,10.0,2.4,10.4,3,No
O101412,2025-07-14,C10335,Wireless Headphones,Electronics,Northeast,Website,4,79.0,30.0,221.2,168.0,36.35,16.85,3,No
O100776,2025-07-14,C10005,Insulated Bottle,Outdoor,Southwest,Marketplace,2,32.0,12.0,56.32,28.0,16.75,11.57,4,No
O100160,2025-07-15,C10131,Programming Book,Books & Media,Southeast,Marketplace,5,59.0,12.0,259.6,125.0,118.21,16.39,5,No
O101517,2025-07-15,C10076,Desk Lamp,Home & Office,West,Website,1,35.0,10.0,31.5,16.0,7.03,8.47,3,No
O101595,2025-07-15,C10139,Trail Shoes,Apparel,West,Website,1,129.0,15.0,109.65,68.0,26.36,15.29,7,No
O100682,2025-07-15,C10454,Webcam,Electronics,Midwest,Website,1,69.0,15.0,58.65,36.0,11.36,11.29,4,No
O101125,2025-07-15,C10421,Desk Organizer,Home & Office,Southwest,Mobile App,1,24.0,0.0,24.0,10.0,4.54,9.46,4,No
O101119,2025-07-15,C10239,Photography Guide,Books & Media,West,Website,1,34.0,10.0,30.6,14.0,7.62,8.98,4,No
O100121,2025-07-15,C10373,Bluetooth Speaker,Electronics,Northeast,Website,3,65.0,0.0,195.0,102.0,81.43,11.57,3,No
O100942,2025-07-15,C10576,Insulated Bottle,Outdoor,Midwest,Mobile App,1,32.0,20.0,25.6,14.0,2.91,8.69,5,No
O100909,2025-07-16,C10325,Office Chair,Home & Office,Northeast,Marketplace,2,189.0,22.0,294.84,210.0,70.38,14.46,5,No
O101762,2025-07-16,C10604,Wireless Headphones,Electronics,Midwest,Website,2,79.0,15.0,134.3,84.0,18.69,11.47,6,Yes
O100360,2025-07-16,C10447,Mechanical Keyboard,Electronics,Midwest,Website,1,95.0,15.0,80.75,51.0,22.35,7.4,3,No
O101373,2025-07-17,C10258,Portable Stove,Outdoor,Northeast,Mobile App,1,74.0,15.0,62.9,37.0,16.14,9.76,4,No
O101786,2025-07-17,C10356,USB-C Hub,Electronics,Southeast,Marketplace,5,39.0,12.0,171.6,100.0,58.16,13.44,1,No
O100105,2025-07-17,C10161,Webcam,Electronics,Midwest,Mobile App,1,69.0,5.0,65.55,36.0,6.61,13.1,4,Yes
O100528,2025-07-17,C10601,Desk Lamp,Home & Office,West,Mobile App,1,35.0,15.0,29.75,16.0,2.81,10.94,4,No
O101820,2025-07-17,C10489,Insulated Bottle,Outdoor,Midwest,Website,2,32.0,5.0,60.8,28.0,22.18,10.62,5,No
O100073,2025-07-17,C10010,Desk Organizer,Home & Office,Midwest,Marketplace,3,24.0,12.0,63.36,30.0,18.4,14.96,5,No
O101916,2025-07-18,C10321,Performance Shirt,Apparel,West,Marketplace,2,45.0,27.0,65.7,38.0,15.61,12.09,5,No
O101132,2025-07-18,C10345,Portable Stove,Outdoor,West,Website,1,74.0,0.0,74.0,37.0,27.18,9.82,3,No
O101328,2025-07-19,C10566,Data Analytics Book,Books & Media,Midwest,Mobile App,1,49.0,25.0,36.75,21.0,4.28,11.47,5,No
O100805,2025-07-19,C10538,Standing Desk,Home & Office,Southeast,Website,3,349.0,10.0,942.3,615.0,313.72,13.58,2,No
O100643,2025-07-19,C10298,Programming Book,Books & Media,Northeast,Mobile App,1,59.0,10.0,53.1,25.0,17.42,10.68,3,No
O100659,2025-07-19,C10144,Hiking Pants,Apparel,Midwest,Website,2,79.0,0.0,158.0,70.0,78.83,9.17,4,No
O101707,2025-07-19,C10259,Webcam,Electronics,Southeast,Website,1,69.0,10.0,62.1,36.0,13.13,12.97,3,No
O100074,2025-07-19,C10339,USB-C Hub,Electronics,Midwest,Marketplace,1,39.0,7.0,36.27,20.0,6.15,10.12,3,No
O100376,2025-07-19,C10083,Mechanical Keyboard,Electronics,Southeast,Website,2,95.0,25.0,142.5,102.0,28.45,12.05,6,No
O101358,2025-07-19,C10451,Portable Stove,Outdoor,Northeast,Marketplace,4,74.0,17.0,245.68,148.0,81.16,16.52,4,No
O101081,2025-07-19,C10564,Fleece Jacket,Apparel,Northeast,Website,1,84.0,25.0,63.0,39.0,12.97,11.03,4,No
O101040,2025-07-19,C10002,Mechanical Keyboard,Electronics,Southeast,Mobile App,1,95.0,10.0,85.5,51.0,23.96,10.54,4,No
O100485,2025-07-20,C10350,Office Chair,Home & Office,Southeast,Mobile App,3,189.0,20.0,453.6,315.0,126.97,11.63,4,No
O100210,2025-07-21,C10476,Desk Lamp,Home & Office,Southeast,Marketplace,1,35.0,27.0,25.55,16.0,-2.41,11.96,5,No
O101513,2025-07-21,C10513,Rain Jacket,Apparel,Midwest,Mobile App,4,99.0,10.0,356.4,192.0,151.06,13.34,3,No
O101232,2025-07-21,C10265,Data Analytics Book,Books & Media,Southwest,Mobile App,2,49.0,20.0,78.4,42.0,26.28,10.12,6,No
O101886,2025-07-21,C10531,Wireless Headphones,Electronics,Northeast,Website,1,79.0,0.0,79.0,42.0,27.83,9.17,4,No
O100077,2025-07-21,C10033,Hiking Backpack,Outdoor,Midwest,Mobile App,2,119.0,0.0,238.0,122.0,101.77,14.23,6,No
O101171,2025-07-22,C10616,Camping Chair,Outdoor,Northeast,Website,1,69.0,10.0,62.1,34.0,19.0,9.1,5,No
O101727,2025-07-22,C10548,Monitor Stand,Home & Office,West,Website,1,59.0,5.0,56.05,28.0,5.77,13.88,6,Yes
O101992,2025-07-22,C10171,Office Chair,Home & Office,Southeast,Mobile App,2,189.0,20.0,302.4,210.0,81.72,10.68,3,No
O100570,2025-07-22,C10329,Rain Jacket,Apparel,Northeast,Website,3,99.0,0.0,297.0,144.0,138.66,14.34,5,No
O101285,2025-07-22,C10623,Fleece Jacket,Apparel,Northeast,Marketplace,1,84.0,2.0,82.32,39.0,19.4,11.57,5,Yes
O101759,2025-07-22,C10277,Hiking Backpack,Outdoor,Southeast,Website,1,119.0,15.0,101.15,61.0,26.47,13.68,3,No
O101534,2025-07-22,C10342,Fleece Jacket,Apparel,West,Mobile App,3,84.0,0.0,252.0,117.0,118.01,16.99,3,No
O101615,2025-07-22,C10522,Bluetooth Speaker,Electronics,West,Website,1,65.0,20.0,52.0,34.0,5.37,12.63,1,No
O100051,2025-07-23,C10245,Wireless Headphones,Electronics,Southeast,Website,1,79.0,20.0,63.2,42.0,10.57,10.63,5,No
O100437,2025-07-23,C10406,Camping Lantern,Outdoor,Northeast,Website,2,45.0,30.0,63.0,44.0,9.56,9.44,3,No
O100759,2025-07-23,C10006,Camping Chair,Outdoor,Southwest,Marketplace,4,69.0,27.0,201.48,136.0,53.27,12.21,6,No
O101938,2025-07-23,C10470,Mechanical Keyboard,Electronics,Midwest,Marketplace,1,95.0,12.0,83.6,51.0,24.63,7.97,4,No
O101690,2025-07-23,C10254,Mechanical Keyboard,Electronics,Southwest,Website,1,95.0,10.0,85.5,51.0,26.25,8.25,4,No
O100745,2025-07-23,C10174,Hiking Backpack,Outdoor,West,Website,1,119.0,15.0,101.15,61.0,29.87,10.28,3,No
O100797,2025-07-24,C10308,Standing Desk,Home & Office,Northeast,Website,1,349.0,0.0,349.0,205.0,133.29,10.71,5,No
O100804,2025-07-24,C10562,Hiking Pants,Apparel,Southeast,Website,1,79.0,15.0,67.15,35.0,24.21,7.94,2,No
O101220,2025-07-24,C10195,Webcam,Electronics,Northeast,Mobile App,1,69.0,0.0,69.0,36.0,22.0,11.0,3,No
O101206,2025-07-24,C10636,Fleece Jacket,Apparel,West,Mobile App,5,84.0,15.0,357.0,195.0,145.9,16.1,3,No
O101138,2025-07-24,C10383,Programming Book,Books & Media,Midwest,Website,1,59.0,20.0,47.2,25.0,10.81,11.39,6,No
O100811,2025-07-25,C10649,Office Chair,Home & Office,Midwest,Website,1,189.0,5.0,179.55,105.0,66.02,8.53,4,No
O101304,2025-07-25,C10583,USB-C Hub,Electronics,West,Website,1,39.0,10.0,35.1,20.0,5.48,9.62,5,No
O100919,2025-07-25,C10037,Hiking Pants,Apparel,West,Website,1,79.0,0.0,79.0,35.0,29.79,14.21,3,No
O101061,2025-07-25,C10283,Mechanical Keyboard,Electronics,Northeast,Marketplace,1,95.0,17.0,78.85,51.0,19.89,7.96,4,No
O100795,2025-07-25,C10167,Desk Organizer,Home & Office,Southeast,Website,1,24.0,20.0,19.2,10.0,-0.6,9.8,7,No
O101129,2025-07-25,C10106,Trail Shoes,Apparel,Southeast,Website,1,129.0,15.0,109.65,68.0,32.11,9.54,7,No
O100311,2025-07-25,C10546,Hiking Pants,Apparel,Midwest,Marketplace,1,79.0,12.0,69.52,35.0,25.86,8.66,6,No
O101170,2025-07-26,C10522,Performance Shirt,Apparel,Northeast,Marketplace,1,45.0,2.0,44.1,19.0,16.86,8.24,5,No
O101005,2025-07-26,C10124,Monitor Stand,Home & Office,Northeast,Mobile App,2,59.0,10.0,106.2,56.0,38.75,11.45,3,No
O100679,2025-07-26,C10401,Desk Organizer,Home & Office,Southwest,Website,2,24.0,20.0,38.4,20.0,7.44,10.96,5,No
O101022,2025-07-26,C10584,Trail Shoes,Apparel,Northeast,Mobile App,2,129.0,25.0,193.5,136.0,17.88,10.59,2,Yes
O101186,2025-07-26,C10066,Data Analytics Book,Books & Media,Southeast,Marketplace,1,49.0,2.0,48.02,21.0,15.84,11.18,5,No
O101154,2025-07-26,C10633,Standing Desk,Home & Office,Midwest,Website,1,349.0,0.0,349.0,205.0,136.55,7.45,6,No
O100872,2025-07-26,C10474,Camping Chair,Outdoor,Midwest,Mobile App,1,69.0,0.0,69.0,34.0,24.04,10.96,4,No
O101800,2025-07-26,C10032,Fleece Jacket,Apparel,Southwest,Website,1,84.0,15.0,71.4,39.0,23.25,9.15,5,No
O101925,2025-07-26,C10408,Standing Desk,Home & Office,Northeast,Website,1,349.0,10.0,314.1,205.0,98.74,10.36,3,No
O100083,2025-07-27,C10431,Insulated Bottle,Outdoor,West,Mobile App,1,32.0,0.0,32.0,14.0,4.35,13.65,4,No
O100131,2025-07-27,C10544,Programming Book,Books & Media,West,Website,1,59.0,10.0,53.1,25.0,17.46,10.64,5,No
O101049,2025-07-27,C10568,Desk Organizer,Home & Office,Southwest,Website,2,24.0,0.0,48.0,20.0,15.67,12.33,4,No
O101546,2025-07-27,C10355,Data Analytics Book,Books & Media,West,Marketplace,1,49.0,27.0,35.77,21.0,1.04,13.73,5,No
O100802,2025-07-27,C10460,Programming Book,Books & Media,West,Website,1,59.0,0.0,59.0,25.0,11.29,13.86,3,Yes
O100013,2025-07-27,C10194,Desk Lamp,Home & Office,Southwest,Marketplace,3,35.0,32.0,71.4,48.0,6.71,16.69,3,No
O100940,2025-07-28,C10169,Office Chair,Home & Office,Northeast,Website,1,189.0,20.0,151.2,105.0,37.55,8.65,3,No
O100827,2025-07-28,C10184,Hiking Backpack,Outdoor,West,Marketplace,1,119.0,27.0,86.87,61.0,13.48,12.39,4,No
O101630,2025-07-28,C10497,Bluetooth Speaker,Electronics,Midwest,Marketplace,2,65.0,22.0,101.4,68.0,21.67,11.73,5,No
O101016,2025-07-28,C10330,Insulated Bottle,Outdoor,Midwest,Mobile App,1,32.0,25.0,24.0,14.0,1.49,8.51,3,No
O101009,2025-07-28,C10153,Standing Desk,Home & Office,Northeast,Website,1,349.0,0.0,349.0,205.0,132.41,11.59,6,No
O101118,2025-07-28,C10362,Desk Lamp,Home & Office,Midwest,Mobile App,3,35.0,15.0,89.25,48.0,28.56,12.69,3,No
O100449,2025-07-28,C10557,Monitor Stand,Home & Office,Northeast,Marketplace,2,59.0,27.0,86.14,56.0,20.22,9.92,3,No
O101808,2025-07-29,C10066,Hiking Backpack,Outdoor,Northeast,Mobile App,1,119.0,15.0,101.15,61.0,26.88,13.27,2,No
O100818,2025-07-29,C10354,Insulated Bottle,Outdoor,Midwest,Website,2,32.0,25.0,48.0,28.0,10.41,9.59,4,No
O101471,2025-07-29,C10579,Hiking Backpack,Outdoor,Southeast,Website,1,119.0,0.0,119.0,61.0,45.32,12.68,1,No
O100167,2025-07-29,C10619,Bluetooth Speaker,Electronics,Midwest,Website,1,65.0,15.0,55.25,34.0,13.66,7.59,5,No
O101242,2025-07-29,C10380,Desk Lamp,Home & Office,Southwest,Website,4,35.0,0.0,140.0,64.0,60.39,15.61,5,No
O101342,2025-07-29,C10093,Mechanical Keyboard,Electronics,Southeast,Website,1,95.0,15.0,80.75,51.0,19.35,10.4,3,No
O101908,2025-07-30,C10354,Webcam,Electronics,West,Website,1,69.0,0.0,69.0,36.0,19.94,13.06,4,No
O100241,2025-07-30,C10495,Monitor Stand,Home & Office,Southwest,Website,1,59.0,0.0,59.0,28.0,16.57,14.43,6,No
O101415,2025-07-30,C10290,Performance Shirt,Apparel,Southwest,Mobile App,2,45.0,0.0,90.0,38.0,38.96,13.04,6,No
O101735,2025-07-30,C10470,Office Chair,Home & Office,Southwest,Website,3,189.0,10.0,510.3,315.0,181.14,14.16,4,No
O101752,2025-07-30,C10177,Monitor Stand,Home & Office,Northeast,Website,3,59.0,20.0,141.6,84.0,43.87,13.73,2,No
O101526,2025-07-30,C10085,Camping Chair,Outdoor,Southwest,Website,1,69.0,10.0,62.1,34.0,18.64,9.46,5,No
O101487,2025-07-30,C10559,Insulated Bottle,Outdoor,Southwest,Mobile App,3,32.0,0.0,96.0,42.0,40.92,13.08,4,No
O100205,2025-07-31,C10151,Science Book,Books & Media,Northeast,Website,1,39.0,15.0,33.15,16.0,9.54,7.61,2,No
O100511,2025-07-31,C10356,Mechanical Keyboard,Electronics,Southeast,Mobile App,1,95.0,0.0,95.0,51.0,34.32,9.68,3,No
O100627,2025-07-31,C10093,Photography Guide,Books & Media,Midwest,Website,1,34.0,5.0,32.3,14.0,10.01,8.29,2,No
O100966,2025-07-31,C10194,Mechanical Keyboard,Electronics,West,Marketplace,1,95.0,12.0,83.6,51.0,19.01,13.59,3,No
O101957,2025-07-31,C10335,Standing Desk,Home & Office,West,Website,1,349.0,10.0,314.1,205.0,94.54,14.56,5,No
O101496,2025-08-01,C10353,Monitor Stand,Home & Office,Southeast,Mobile App,3,59.0,15.0,150.45,84.0,54.52,11.93,1,No
O100191,2025-08-01,C10022,Standing Desk,Home & Office,Midwest,Website,2,349.0,30.0,488.6,410.0,68.51,10.09,6,No
O100305,2025-08-01,C10539,Standing Desk,Home & Office,Southeast,Mobile App,1,349.0,5.0,331.55,205.0,115.38,11.17,2,No
O101962,2025-08-01,C10493,Hiking Pants,Apparel,Northeast,Website,1,79.0,25.0,59.25,35.0,5.97,9.39,3,Yes
O101001,2025-08-01,C10026,Rain Jacket,Apparel,Southwest,Mobile App,1,99.0,10.0,89.1,48.0,28.35,12.75,6,No
O101282,2025-08-01,C10235,Camping Chair,Outdoor,Southwest,Mobile App,1,69.0,10.0,62.1,34.0,17.28,10.82,5,No
O101922,2025-08-01,C10593,Office Chair,Home & Office,Southwest,Marketplace,1,189.0,2.0,185.22,105.0,65.21,15.01,6,No
O100293,2025-08-02,C10274,Monitor Stand,Home & Office,West,Website,3,59.0,10.0,159.3,84.0,60.78,14.52,2,No
O101357,2025-08-02,C10077,Wireless Headphones,Electronics,West,Mobile App,2,79.0,10.0,142.2,84.0,48.26,9.94,3,No
O100343,2025-08-02,C10560,Bluetooth Speaker,Electronics,Northeast,Mobile App,1,65.0,0.0,65.0,34.0,13.06,8.19,3,Yes
O101395,2025-08-02,C10477,Mechanical Keyboard,Electronics,West,Website,1,95.0,0.0,95.0,51.0,30.96,13.04,6,No
O100671,2025-08-02,C10421,Desk Organizer,Home & Office,Northeast,Marketplace,1,24.0,17.0,19.92,10.0,2.17,7.75,4,No
O101857,2025-08-02,C10057,Trail Shoes,Apparel,West,Mobile App,1,129.0,20.0,103.2,68.0,21.35,13.85,4,No
O100892,2025-08-02,C10313,Portable Stove,Outdoor,Southwest,Website,3,74.0,5.0,210.9,111.0,85.1,14.8,4,No
O100719,2025-08-03,C10308,Monitor Stand,Home & Office,Southeast,Website,3,59.0,0.0,177.0,84.0,77.17,15.83,5,No
O101490,2025-08-03,C10179,Bluetooth Speaker,Electronics,Northeast,Website,1,65.0,15.0,55.25,34.0,10.64,10.61,3,No
O101573,2025-08-03,C10521,Hiking Pants,Apparel,West,Mobile App,1,79.0,25.0,59.25,35.0,11.12,13.13,3,No
O100916,2025-08-03,C10550,Monitor Stand,Home & Office,Southeast,Website,1,59.0,15.0,50.15,28.0,14.14,8.01,3,No
O100307,2025-08-03,C10404,Mechanical Keyboard,Electronics,West,Website,1,95.0,0.0,95.0,51.0,29.13,14.87,5,No
O101113,2025-08-03,C10359,Rain Jacket,Apparel,West,Website,1,99.0,0.0,99.0,48.0,43.32,7.68,4,No
O101261,2025-08-03,C10585,Camping Lantern,Outdoor,West,Mobile App,2,45.0,0.0,90.0,44.0,35.61,10.39,4,No
O101404,2025-08-03,C10647,Office Chair,Home & Office,West,Mobile App,1,189.0,0.0,189.0,105.0,70.32,13.68,4,No
O100843,2025-08-03,C10086,Insulated Bottle,Outdoor,Southwest,Mobile App,1,32.0,0.0,32.0,14.0,5.36,12.64,3,No
O101653,2025-08-04,C10257,Science Book,Books & Media,West,Marketplace,1,39.0,17.0,32.37,16.0,3.0,13.37,4,No
O101320,2025-08-04,C10324,Performance Shirt,Apparel,Southeast,Mobile App,1,45.0,0.0,45.0,19.0,18.13,7.87,5,No
O101765,2025-08-04,C10252,Portable Stove,Outdoor,Northeast,Website,1,74.0,10.0,66.6,37.0,9.68,9.93,3,Yes
O100853,2025-08-04,C10028,Desk Organizer,Home & Office,Midwest,Marketplace,2,24.0,22.0,37.44,20.0,4.28,13.16,4,No
O100631,2025-08-04,C10627,Portable Stove,Outdoor,Northeast,Mobile App,1,74.0,10.0,66.6,37.0,18.69,10.91,2,No
O100990,2025-08-04,C10560,Rain Jacket,Apparel,Midwest,Website,2,99.0,0.0,198.0,96.0,92.09,9.91,5,No
O100681,2025-08-04,C10247,Camping Chair,Outdoor,Northeast,Website,3,69.0,0.0,207.0,102.0,91.48,13.52,4,No
O101682,2025-08-04,C10115,Desk Lamp,Home & Office,Midwest,Website,1,35.0,10.0,31.5,16.0,3.63,11.87,4,No
O100965,2025-08-04,C10625,Programming Book,Books & Media,Southwest,Mobile App,2,59.0,10.0,106.2,50.0,43.3,12.9,4,No
O101692,2025-08-05,C10282,Hiking Backpack,Outdoor,Southeast,Website,2,119.0,0.0,238.0,122.0,71.05,9.25,4,Yes
O101542,2025-08-05,C10562,USB-C Hub,Electronics,West,Website,2,39.0,5.0,74.1,40.0,21.75,12.35,4,No
O101977,2025-08-05,C10490,Bluetooth Speaker,Electronics,Southeast,Marketplace,3,65.0,2.0,191.1,102.0,73.62,15.48,4,No
O100523,2025-08-05,C10348,Camping Lantern,Outdoor,Southwest,Website,1,45.0,20.0,36.0,22.0,0.63,13.37,6,No
O101064,2025-08-05,C10223,Mechanical Keyboard,Electronics,West,Website,2,95.0,5.0,180.5,102.0,61.94,16.56,1,No
O101818,2025-08-05,C10024,Business Strategy Book,Books & Media,West,Website,1,44.0,5.0,41.8,19.0,8.5,14.3,4,No
O100687,2025-08-05,C10425,Insulated Bottle,Outdoor,Southeast,Marketplace,1,32.0,32.0,21.76,14.0,-0.66,8.42,4,No
O101142,2025-08-06,C10548,Rain Jacket,Apparel,West,Marketplace,1,99.0,2.0,97.02,48.0,38.58,10.44,4,No
O101095,2025-08-06,C10582,Fleece Jacket,Apparel,West,Website,5,84.0,10.0,378.0,195.0,106.34,19.96,4,Yes
O101394,2025-08-06,C10519,Hiking Pants,Apparel,West,Website,3,79.0,0.0,237.0,105.0,117.03,14.97,5,No
O100564,2025-08-06,C10485,Photography Guide,Books & Media,Northeast,Website,1,34.0,5.0,32.3,14.0,8.12,10.18,4,No
O101562,2025-08-06,C10119,Camping Lantern,Outdoor,Midwest,Mobile App,5,45.0,10.0,202.5,110.0,79.0,13.5,4,No
O101667,2025-08-06,C10149,Hiking Backpack,Outdoor,West,Mobile App,2,119.0,20.0,190.4,122.0,55.62,12.78,3,No
O100014,2025-08-07,C10263,Webcam,Electronics,Northeast,Mobile App,1,69.0,5.0,65.55,36.0,11.03,8.68,5,Yes
O100749,2025-08-07,C10014,Business Strategy Book,Books & Media,Midwest,Website,2,44.0,0.0,88.0,38.0,36.8,13.2,5,No
O100060,2025-08-07,C10205,Programming Book,Books & Media,Northeast,Mobile App,1,59.0,0.0,59.0,25.0,21.42,12.58,2,No
O101230,2025-08-07,C10170,Desk Organizer,Home & Office,Southwest,Marketplace,1,24.0,2.0,23.52,10.0,5.12,8.4,5,No
O101035,2025-08-08,C10176,Photography Guide,Books & Media,Midwest,Website,1,34.0,5.0,32.3,14.0,10.67,7.63,5,No
O101866,2025-08-08,C10541,Data Analytics Book,Books & Media,Northeast,Mobile App,5,49.0,15.0,208.25,105.0,87.74,15.51,4,No
O100470,2025-08-08,C10524,Standing Desk,Home & Office,Midwest,Mobile App,1,349.0,10.0,314.1,205.0,96.6,12.5,2,No
O100599,2025-08-08,C10104,Fleece Jacket,Apparel,Midwest,Website,1,84.0,10.0,75.6,39.0,23.94,12.66,3,No
O101970,2025-08-08,C10522,Webcam,Electronics,Midwest,Website,4,69.0,25.0,207.0,144.0,47.83,15.17,4,No
O101018,2025-08-08,C10443,Camping Chair,Outdoor,Southeast,Mobile App,1,69.0,0.0,69.0,34.0,27.35,7.65,3,No
O100064,2025-08-08,C10402,Mechanical Keyboard,Electronics,Midwest,Marketplace,1,95.0,17.0,78.85,51.0,16.97,10.88,3,No
O100288,2025-08-08,C10147,Mechanical Keyboard,Electronics,Northeast,Mobile App,1,95.0,5.0,90.25,51.0,29.28,9.97,6,No
O100753,2025-08-08,C10378,Science Book,Books & Media,Midwest,Marketplace,1,39.0,17.0,32.37,16.0,8.85,7.52,5,No
O100446,2025-08-09,C10514,Hiking Pants,Apparel,Northeast,Mobile App,1,79.0,0.0,79.0,35.0,31.1,12.9,4,No
O100693,2025-08-09,C10002,Fleece Jacket,Apparel,West,Website,1,84.0,0.0,84.0,39.0,31.5,13.5,3,No
O100808,2025-08-09,C10635,Rain Jacket,Apparel,Northeast,Website,1,99.0,10.0,89.1,48.0,33.49,7.61,6,No
O101506,2025-08-09,C10482,Science Book,Books & Media,Northeast,Website,1,39.0,10.0,35.1,16.0,5.92,13.18,3,No
O100547,2025-08-10,C10500,Performance Shirt,Apparel,Southwest,Website,1,45.0,0.0,45.0,19.0,11.87,14.13,3,No
O100133,2025-08-10,C10507,Photography Guide,Books & Media,Southeast,Website,1,34.0,10.0,30.6,14.0,3.51,13.09,2,No
O101813,2025-08-10,C10485,Insulated Bottle,Outdoor,Midwest,Website,1,32.0,5.0,30.4,14.0,8.35,8.05,4,No
O101307,2025-08-10,C10152,Webcam,Electronics,Northeast,Website,1,69.0,5.0,65.55,36.0,19.22,10.33,4,No
O101068,2025-08-10,C10225,Standing Desk,Home & Office,Northeast,Marketplace,1,349.0,17.0,289.67,205.0,77.03,7.64,5,No
O100381,2025-08-11,C10555,Insulated Bottle,Outdoor,Northeast,Website,1,32.0,20.0,25.6,14.0,1.97,9.63,5,No
O101250,2025-08-11,C10420,Rain Jacket,Apparel,Midwest,Website,4,99.0,15.0,336.6,192.0,81.68,12.43,4,Yes
O100137,2025-08-11,C10473,Desk Organizer,Home & Office,Southeast,Website,2,24.0,20.0,38.4,20.0,6.15,12.25,5,No
O100931,2025-08-11,C10006,Wireless Headphones,Electronics,West,Website,2,79.0,15.0,134.3,84.0,37.42,12.88,4,No
O100103,2025-08-11,C10375,Camping Chair,Outdoor,West,Website,5,69.0,25.0,258.75,170.0,73.4,15.35,3,No
O101774,2025-08-12,C10172,Rain Jacket,Apparel,Southwest,Website,5,99.0,0.0,495.0,240.0,240.07,14.93,1,No
O100337,2025-08-12,C10592,Bluetooth Speaker,Electronics,Midwest,Website,1,65.0,20.0,52.0,34.0,10.19,7.81,1,No
O100148,2025-08-12,C10503,Webcam,Electronics,West,Mobile App,1,69.0,0.0,69.0,36.0,18.64,14.36,5,No
O100019,2025-08-12,C10478,Rain Jacket,Apparel,Midwest,Website,1,99.0,30.0,69.3,48.0,9.44,11.86,4,No
O101335,2025-08-13,C10028,Hiking Backpack,Outdoor,Northeast,Marketplace,1,119.0,2.0,116.62,61.0,45.47,10.15,3,No
O101680,2025-08-13,C10451,Fleece Jacket,Apparel,Southwest,Marketplace,1,84.0,7.0,78.12,39.0,24.81,14.31,6,No
O100757,2025-08-13,C10650,Office Chair,Home & Office,Southeast,Website,1,189.0,0.0,189.0,105.0,44.55,11.1,4,Yes
O101240,2025-08-13,C10173,Wireless Headphones,Electronics,Southwest,Mobile App,2,79.0,10.0,142.2,84.0,43.57,14.63,2,No
O101685,2025-08-13,C10007,Camping Chair,Outdoor,Northeast,Website,2,69.0,30.0,96.6,68.0,-0.1,14.21,3,Yes
O101318,2025-08-13,C10446,Programming Book,Books & Media,Northeast,Marketplace,1,59.0,2.0,57.82,25.0,20.59,12.23,4,No
O101503,2025-08-13,C10182,Programming Book,Books & Media,Midwest,Website,2,59.0,20.0,94.4,50.0,19.86,10.38,3,Yes
O101124,2025-08-13,C10073,Bluetooth Speaker,Electronics,Southeast,Website,1,65.0,20.0,52.0,34.0,9.61,8.39,5,No
O100431,2025-08-13,C10386,Monitor Stand,Home & Office,Southeast,Website,5,59.0,15.0,250.75,140.0,93.43,17.32,8,No
O100348,2025-08-14,C10302,Desk Organizer,Home & Office,West,Mobile App,3,24.0,5.0,68.4,30.0,20.28,18.12,1,No
O101195,2025-08-14,C10166,Mechanical Keyboard,Electronics,Southeast,Mobile App,1,95.0,10.0,85.5,51.0,24.01,10.49,2,No
O100158,2025-08-14,C10298,Standing Desk,Home & Office,Southeast,Marketplace,3,349.0,27.0,764.31,615.0,133.02,16.29,5,No
O100854,2025-08-14,C10524,Science Book,Books & Media,West,Marketplace,2,39.0,17.0,64.74,32.0,21.8,10.94,6,No
O100176,2025-08-14,C10316,Portable Stove,Outdoor,West,Website,2,74.0,5.0,140.6,74.0,53.4,13.2,2,No
O100106,2025-08-14,C10615,Rain Jacket,Apparel,Southeast,Website,4,99.0,30.0,277.2,192.0,72.05,13.15,2,No
O101374,2025-08-15,C10641,Monitor Stand,Home & Office,Northeast,Website,1,59.0,5.0,56.05,28.0,20.55,7.5,3,No
O101971,2025-08-15,C10098,Webcam,Electronics,Southeast,Website,1,69.0,0.0,69.0,36.0,21.61,11.39,3,No
O101920,2025-08-15,C10169,Webcam,Electronics,Midwest,Website,1,69.0,0.0,69.0,36.0,23.27,9.73,4,No
O100425,2025-08-15,C10032,Desk Lamp,Home & Office,West,Website,1,35.0,20.0,28.0,16.0,-1.97,13.97,4,No
O101411,2025-08-15,C10190,Desk Organizer,Home & Office,Southeast,Marketplace,1,24.0,17.0,19.92,10.0,-0.31,10.23,5,No
O100402,2025-08-15,C10374,Standing Desk,Home & Office,West,Mobile App,4,349.0,30.0,977.2,820.0,139.34,17.86,6,No
O101379,2025-08-15,C10221,Insulated Bottle,Outdoor,West,Website,1,32.0,10.0,28.8,14.0,3.65,11.15,3,No
O101338,2025-08-15,C10261,Insulated Bottle,Outdoor,Midwest,Mobile App,1,32.0,0.0,32.0,14.0,9.08,8.92,3,No
O101537,2025-08-16,C10437,Mechanical Keyboard,Electronics,Southeast,Marketplace,1,95.0,7.0,88.35,51.0,25.73,11.62,7,No
O101255,2025-08-16,C10105,Rain Jacket,Apparel,Southeast,Mobile App,4,99.0,25.0,297.0,192.0,43.6,16.85,2,Yes
O101441,2025-08-16,C10291,Camping Chair,Outdoor,Southwest,Website,1,69.0,15.0,58.65,34.0,11.13,13.52,4,No
O101224,2025-08-16,C10019,USB-C Hub,Electronics,Midwest,Website,1,39.0,10.0,35.1,20.0,2.14,12.96,5,No
O100516,2025-08-16,C10329,Mechanical Keyboard,Electronics,Southeast,Website,2,95.0,5.0,180.5,102.0,65.52,12.98,3,No
O101278,2025-08-17,C10305,Trail Shoes,Apparel,West,Website,3,129.0,15.0,328.95,204.0,113.53,11.42,6,No
O101177,2025-08-17,C10318,Mechanical Keyboard,Electronics,Southwest,Website,1,95.0,5.0,90.25,51.0,25.68,13.57,4,No
O100641,2025-08-17,C10082,Trail Shoes,Apparel,West,Mobile App,1,129.0,5.0,122.55,68.0,43.85,10.7,3,No
O100807,2025-08-17,C10110,Rain Jacket,Apparel,Midwest,Website,3,99.0,20.0,237.6,144.0,77.65,15.95,1,No
O100100,2025-08-18,C10486,Bluetooth Speaker,Electronics,Southeast,Mobile App,1,65.0,20.0,52.0,34.0,5.43,12.57,5,No
O100093,2025-08-18,C10364,Webcam,Electronics,West,Website,1,69.0,15.0,58.65,36.0,8.86,13.79,1,No
O100483,2025-08-18,C10304,Hiking Pants,Apparel,Southeast,Website,1,79.0,20.0,63.2,35.0,15.19,13.01,3,No
O101368,2025-08-18,C10632,Hiking Backpack,Outdoor,Northeast,Website,1,119.0,0.0,119.0,61.0,49.92,8.08,1,No
O101260,2025-08-18,C10645,Rain Jacket,Apparel,Northeast,Marketplace,2,99.0,2.0,194.04,96.0,55.71,13.22,3,Yes
O101638,2025-08-18,C10439,Mechanical Keyboard,Electronics,West,Website,3,95.0,10.0,256.5,153.0,86.58,16.92,4,No
O101924,2025-08-18,C10462,Office Chair,Home & Office,Northeast,Marketplace,2,189.0,2.0,370.44,210.0,148.94,11.5,6,No
O101398,2025-08-18,C10543,Standing Desk,Home & Office,West,Website,1,349.0,20.0,279.2,205.0,64.79,9.41,5,No
O100189,2025-08-18,C10160,Office Chair,Home & Office,Midwest,Marketplace,1,189.0,17.0,156.87,105.0,44.36,7.51,5,No
O100882,2025-08-19,C10322,Wireless Headphones,Electronics,Southeast,Website,4,79.0,15.0,268.6,168.0,82.8,17.8,4,No
O101450,2025-08-19,C10212,Rain Jacket,Apparel,West,Mobile App,2,99.0,5.0,188.1,96.0,78.29,13.81,4,No
O100349,2025-08-19,C10126,Trail Shoes,Apparel,Midwest,Mobile App,1,129.0,0.0,129.0,68.0,52.85,8.15,2,No
O101263,2025-08-19,C10236,Desk Organizer,Home & Office,West,Marketplace,2,24.0,2.0,47.04,20.0,14.79,12.25,3,No
O101048,2025-08-19,C10167,Webcam,Electronics,West,Website,3,69.0,30.0,144.9,108.0,23.4,13.5,6,No
O101100,2025-08-20,C10065,Desk Organizer,Home & Office,Southeast,Marketplace,2,24.0,7.0,44.64,20.0,11.96,12.68,5,No
O100081,2025-08-20,C10151,Camping Chair,Outdoor,Northeast,Website,1,69.0,0.0,69.0,34.0,25.89,9.11,4,No
O101157,2025-08-20,C10166,Insulated Bottle,Outdoor,Southwest,Website,3,32.0,10.0,86.4,42.0,31.91,12.49,4,No
O100162,2025-08-20,C10270,Office Chair,Home & Office,Southeast,Mobile App,1,189.0,25.0,141.75,105.0,4.99,10.5,6,Yes
O101736,2025-08-21,C10500,Programming Book,Books & Media,West,Marketplace,4,59.0,7.0,219.48,100.0,101.32,18.16,4,No
O100665,2025-08-21,C10629,Photography Guide,Books & Media,Southeast,Website,3,34.0,0.0,102.0,42.0,47.95,12.05,2,No
O100976,2025-08-21,C10250,Hiking Backpack,Outdoor,Southeast,Website,2,119.0,20.0,190.4,122.0,53.59,14.81,5,No
O101329,2025-08-22,C10397,Webcam,Electronics,Southeast,Marketplace,2,69.0,12.0,121.44,72.0,39.96,9.48,5,No
O100418,2025-08-22,C10066,Portable Stove,Outdoor,Southeast,Marketplace,3,74.0,2.0,217.56,111.0,93.06,13.5,4,No
O100626,2025-08-22,C10076,Insulated Bottle,Outdoor,Southeast,Website,1,32.0,0.0,32.0,14.0,8.09,9.91,3,No
O101606,2025-08-22,C10210,Office Chair,Home & Office,Northeast,Website,1,189.0,10.0,170.1,105.0,53.24,11.86,1,No
O101907,2025-08-22,C10105,Monitor Stand,Home & Office,Southeast,Marketplace,2,59.0,2.0,115.64,56.0,45.48,14.16,3,No
O100067,2025-08-22,C10579,USB-C Hub,Electronics,Northeast,Website,2,39.0,20.0,62.4,40.0,-0.01,13.05,2,Yes
O101072,2025-08-23,C10312,Webcam,Electronics,West,Marketplace,1,69.0,12.0,60.72,36.0,15.34,9.38,7,No
O101629,2025-08-23,C10480,Desk Organizer,Home & Office,West,Marketplace,1,24.0,12.0,21.12,10.0,-1.39,12.51,1,No
O100007,2025-08-23,C10309,Desk Lamp,Home & Office,Northeast,Website,1,35.0,15.0,29.75,16.0,4.53,9.22,3,No
O101951,2025-08-23,C10139,Fleece Jacket,Apparel,Northeast,Mobile App,4,84.0,15.0,285.6,156.0,117.55,12.05,2,No
O101641,2025-08-23,C10569,Portable Stove,Outdoor,West,Website,1,74.0,0.0,74.0,37.0,28.2,8.8,1,No
O100484,2025-08-23,C10435,Webcam,Electronics,Southeast,Website,2,69.0,15.0,117.3,72.0,35.01,10.29,4,No
O101632,2025-08-24,C10312,Rain Jacket,Apparel,Midwest,Website,2,99.0,0.0,198.0,96.0,88.51,13.49,3,No
O101709,2025-08-24,C10115,Photography Guide,Books & Media,Southeast,Marketplace,1,34.0,12.0,29.92,14.0,3.55,12.37,3,No
O101406,2025-08-24,C10529,Insulated Bottle,Outdoor,West,Mobile App,2,32.0,5.0,60.8,28.0,18.57,14.23,4,No
O101181,2025-08-24,C10338,Webcam,Electronics,Northeast,Website,2,69.0,5.0,131.1,72.0,28.55,10.89,3,Yes
O100623,2025-08-24,C10030,Wireless Headphones,Electronics,Southwest,Mobile App,1,79.0,5.0,75.05,42.0,23.16,9.89,4,No
O101796,2025-08-24,C10509,Wireless Headphones,Electronics,Midwest,Website,1,79.0,15.0,67.15,42.0,12.53,12.62,2,No
O101882,2025-08-25,C10425,Mechanical Keyboard,Electronics,Northeast,Website,2,95.0,5.0,180.5,102.0,69.79,8.71,3,No
O101755,2025-08-25,C10401,Insulated Bottle,Outdoor,Southeast,Mobile App,1,32.0,20.0,25.6,14.0,-2.35,13.95,2,No
O101367,2025-08-25,C10179,Fleece Jacket,Apparel,West,Mobile App,2,84.0,10.0,151.2,78.0,58.57,14.63,3,No
O100113,2025-08-25,C10265,Insulated Bottle,Outdoor,Southwest,Website,1,32.0,20.0,25.6,14.0,1.54,10.06,4,No
O101827,2025-08-25,C10563,Wireless Headphones,Electronics,Southeast,Marketplace,1,79.0,12.0,69.52,42.0,15.7,11.82,4,No
O101708,2025-08-26,C10525,Wireless Headphones,Electronics,Midwest,Website,1,79.0,25.0,59.25,42.0,9.03,8.22,3,No
O100480,2025-08-26,C10581,Bluetooth Speaker,Electronics,Midwest,Website,1,65.0,5.0,61.75,34.0,19.01,8.74,4,No
O101289,2025-08-26,C10461,Standing Desk,Home & Office,Southwest,Website,1,349.0,25.0,261.75,205.0,43.43,13.32,4,No
O100371,2025-08-26,C10283,Camping Lantern,Outdoor,Northeast,Mobile App,1,45.0,0.0,45.0,22.0,13.46,9.54,2,No
O101341,2025-08-27,C10282,Hiking Pants,Apparel,Midwest,Mobile App,2,79.0,0.0,158.0,70.0,78.19,9.81,4,No
O101987,2025-08-27,C10313,Bluetooth Speaker,Electronics,Northeast,Mobile App,3,65.0,25.0,146.25,102.0,30.04,14.21,3,No
O100063,2025-08-27,C10197,Rain Jacket,Apparel,Midwest,Website,1,99.0,25.0,74.25,48.0,18.14,8.11,2,No
O101402,2025-08-27,C10446,Trail Shoes,Apparel,Southeast,Website,2,129.0,0.0,258.0,136.0,112.89,9.11,4,No
O100771,2025-08-27,C10213,Monitor Stand,Home & Office,Midwest,Website,1,59.0,0.0,59.0,28.0,19.35,11.65,4,No
O100750,2025-08-27,C10150,Mechanical Keyboard,Electronics,Midwest,Mobile App,2,95.0,10.0,171.0,102.0,59.16,9.84,5,No
O101430,2025-08-27,C10550,Rain Jacket,Apparel,Southeast,Website,1,99.0,5.0,94.05,48.0,22.55,9.39,2,Yes
O100645,2025-08-27,C10214,Mechanical Keyboard,Electronics,Northeast,Website,2,95.0,10.0,171.0,102.0,54.33,14.67,4,No
O101561,2025-08-27,C10546,Hiking Pants,Apparel,West,Mobile App,1,79.0,25.0,59.25,35.0,9.65,14.6,3,No
O100420,2025-08-27,C10588,Fleece Jacket,Apparel,Midwest,Website,1,84.0,15.0,71.4,39.0,21.62,10.78,3,No
O100417,2025-08-27,C10571,Standing Desk,Home & Office,West,Website,1,349.0,15.0,296.65,205.0,78.32,13.33,4,No
O101096,2025-08-27,C10128,Desk Lamp,Home & Office,Midwest,Website,1,35.0,10.0,31.5,16.0,4.67,10.83,3,No
O101052,2025-08-27,C10522,Insulated Bottle,Outdoor,Midwest,Website,2,32.0,0.0,64.0,28.0,26.69,9.31,4,No
O101654,2025-08-28,C10018,Desk Lamp,Home & Office,Midwest,Website,2,35.0,10.0,63.0,32.0,20.72,10.28,4,No
O100896,2025-08-28,C10006,Rain Jacket,Apparel,Southwest,Website,2,99.0,20.0,158.4,96.0,48.95,13.45,4,No
O101405,2025-08-28,C10548,Camping Chair,Outdoor,Midwest,Marketplace,4,69.0,12.0,242.88,136.0,91.5,15.38,2,No
O101725,2025-08-28,C10516,Office Chair,Home & Office,Northeast,Website,1,189.0,15.0,160.65,105.0,21.37,10.18,4,Yes
O101876,2025-08-29,C10618,Business Strategy Book,Books & Media,Northeast,Mobile App,1,44.0,0.0,44.0,19.0,17.28,7.72,5,No
O100698,2025-08-29,C10418,Insulated Bottle,Outdoor,West,Mobile App,1,32.0,10.0,28.8,14.0,4.58,10.22,2,No
O100824,2025-08-29,C10526,Business Strategy Book,Books & Media,Midwest,Mobile App,1,44.0,5.0,41.8,19.0,14.34,8.46,3,No
O100335,2025-08-29,C10481,Fleece Jacket,Apparel,Southeast,Mobile App,1,84.0,15.0,71.4,39.0,19.46,12.94,1,No
O101530,2025-08-30,C10398,Business Strategy Book,Books & Media,Southwest,Website,1,44.0,10.0,39.6,19.0,2.58,10.02,4,Yes
O101711,2025-08-30,C10091,Webcam,Electronics,Northeast,Website,2,69.0,10.0,124.2,72.0,39.14,13.06,3,No
O101311,2025-08-30,C10037,Wireless Headphones,Electronics,West,Website,1,79.0,10.0,71.1,42.0,19.82,9.28,4,No
O101333,2025-08-30,C10342,USB-C Hub,Electronics,West,Mobile App,4,39.0,5.0,148.2,80.0,50.07,18.13,3,No
O100851,2025-08-30,C10469,Hiking Pants,Apparel,West,Mobile App,1,79.0,25.0,59.25,35.0,10.87,13.38,3,No
O101726,2025-08-31,C10507,Mechanical Keyboard,Electronics,Northeast,Website,1,95.0,5.0,90.25,51.0,26.41,12.84,3,No
O101927,2025-08-31,C10273,Camping Chair,Outdoor,West,Website,1,69.0,20.0,55.2,34.0,8.58,12.62,5,No
O101948,2025-08-31,C10339,Desk Organizer,Home & Office,Southeast,Marketplace,1,24.0,2.0,23.52,10.0,5.1,8.42,3,No
O100247,2025-08-31,C10287,USB-C Hub,Electronics,Southeast,Mobile App,1,39.0,25.0,29.25,20.0,-1.06,10.31,6,No
O101212,2025-08-31,C10342,Hiking Backpack,Outdoor,Midwest,Mobile App,1,119.0,25.0,89.25,61.0,15.88,12.37,4,No
O100982,2025-08-31,C10547,Bluetooth Speaker,Electronics,West,Website,3,65.0,0.0,195.0,102.0,74.86,18.14,3,No
O100084,2025-08-31,C10011,USB-C Hub,Electronics,West,Mobile App,2,39.0,30.0,54.6,40.0,5.4,9.2,6,No
O100595,2025-09-01,C10081,Standing Desk,Home & Office,West,Mobile App,1,349.0,15.0,296.65,205.0,80.38,11.27,5,No
O100781,2025-09-01,C10303,Business Strategy Book,Books & Media,West,Marketplace,2,44.0,17.0,73.04,38.0,18.74,16.3,5,No
O100782,2025-09-01,C10407,Desk Lamp,Home & Office,Midwest,Mobile App,1,35.0,15.0,29.75,16.0,3.13,10.62,5,No
O100127,2025-09-01,C10087,Office Chair,Home & Office,West,Marketplace,3,189.0,17.0,470.61,315.0,142.32,13.29,4,No
O100832,2025-09-01,C10623,Monitor Stand,Home & Office,Midwest,Mobile App,1,59.0,20.0,47.2,28.0,9.21,9.99,5,No
O100026,2025-09-01,C10199,Photography Guide,Books & Media,Midwest,Mobile App,3,34.0,10.0,91.8,42.0,38.99,10.81,4,No
O100235,2025-09-01,C10215,Fleece Jacket,Apparel,Midwest,Website,1,84.0,0.0,84.0,39.0,35.46,9.54,4,No
O100963,2025-09-01,C10460,Science Book,Books & Media,West,Website,1,39.0,10.0,35.1,16.0,-3.08,14.18,5,Yes
O101646,2025-09-01,C10573,Hiking Pants,Apparel,Midwest,Website,4,79.0,10.0,284.4,140.0,132.33,12.07,3,No
O101903,2025-09-02,C10313,Performance Shirt,Apparel,Midwest,Website,1,45.0,30.0,31.5,19.0,1.04,11.46,3,No
O100295,2025-09-02,C10338,Desk Lamp,Home & Office,Southwest,Website,3,35.0,0.0,105.0,48.0,44.47,12.53,5,No
O100270,2025-09-02,C10069,Trail Shoes,Apparel,Northeast,Website,1,129.0,20.0,103.2,68.0,26.88,8.32,3,No
O101579,2025-09-02,C10102,Desk Lamp,Home & Office,Southeast,Marketplace,1,35.0,32.0,23.8,16.0,-4.12,11.92,4,No
O101596,2025-09-02,C10103,Performance Shirt,Apparel,West,Website,1,45.0,10.0,40.5,19.0,8.88,12.62,5,No
O100018,2025-09-03,C10106,Webcam,Electronics,Southeast,Website,2,69.0,25.0,103.5,72.0,22.3,9.2,3,No
O101753,2025-09-03,C10387,Bluetooth Speaker,Electronics,Midwest,Marketplace,1,65.0,2.0,63.7,34.0,19.8,9.9,5,No
O100177,2025-09-03,C10045,Photography Guide,Books & Media,Midwest,Mobile App,2,34.0,5.0,64.6,28.0,27.46,9.14,3,No
O100783,2025-09-03,C10480,Wireless Headphones,Electronics,Southwest,Mobile App,2,79.0,0.0,158.0,84.0,59.07,14.93,5,No
O100008,2025-09-04,C10553,Webcam,Electronics,Southeast,Website,1,69.0,10.0,62.1,36.0,16.24,9.86,6,No
O100276,2025-09-04,C10425,Science Book,Books & Media,Southeast,Website,1,39.0,10.0,35.1,16.0,7.98,11.12,4,No
O100490,2025-09-04,C10328,Photography Guide,Books & Media,Midwest,Website,3,34.0,25.0,76.5,42.0,20.01,14.49,2,No
O100297,2025-09-05,C10016,Hiking Pants,Apparel,Southeast,Marketplace,1,79.0,7.0,73.47,35.0,28.5,9.97,5,No
O101872,2025-09-06,C10314,Office Chair,Home & Office,Midwest,Website,3,189.0,5.0,538.65,315.0,208.2,15.45,2,No
O101715,2025-09-06,C10533,Hiking Backpack,Outdoor,Northeast,Marketplace,3,119.0,2.0,349.86,183.0,155.79,11.07,5,No
O100087,2025-09-06,C10039,Desk Lamp,Home & Office,West,Website,1,35.0,25.0,26.25,16.0,-1.96,12.21,5,No
O100741,2025-09-06,C10552,Bluetooth Speaker,Electronics,West,Website,2,65.0,25.0,97.5,68.0,17.58,11.92,5,No
O100179,2025-09-06,C10501,Camping Lantern,Outdoor,Northeast,Marketplace,1,45.0,22.0,35.1,22.0,4.41,8.69,4,No
O100387,2025-09-06,C10165,Insulated Bottle,Outdoor,Southeast,Mobile App,1,32.0,0.0,32.0,14.0,9.22,8.78,5,No
O101102,2025-09-07,C10164,Photography Guide,Books & Media,Southwest,Website,2,34.0,0.0,68.0,28.0,24.32,15.68,5,No
O100590,2025-09-07,C10446,Monitor Stand,Home & Office,West,Mobile App,1,59.0,0.0,59.0,28.0,17.1,13.9,3,No
O100754,2025-09-07,C10384,Office Chair,Home & Office,Northeast,Mobile App,1,189.0,15.0,160.65,105.0,43.28,12.37,3,No
O101291,2025-09-07,C10123,Desk Organizer,Home & Office,Midwest,Mobile App,1,24.0,10.0,21.6,10.0,-0.57,12.17,3,No
O100551,2025-09-07,C10317,Programming Book,Books & Media,Midwest,Website,1,59.0,30.0,41.3,25.0,5.56,10.74,4,No
O100168,2025-09-07,C10399,Office Chair,Home & Office,Midwest,Mobile App,1,189.0,25.0,141.75,105.0,26.64,10.11,3,No
O101941,2025-09-07,C10521,Wireless Headphones,Electronics,Northeast,Mobile App,2,79.0,25.0,118.5,84.0,25.15,9.35,6,No
O101149,2025-09-07,C10085,Monitor Stand,Home & Office,Southeast,Website,2,59.0,20.0,94.4,56.0,26.08,12.32,5,No
O101650,2025-09-08,C10452,Trail Shoes,Apparel,Southeast,Website,1,129.0,0.0,129.0,68.0,51.13,9.87,5,No
O100863,2025-09-08,C10115,Desk Lamp,Home & Office,Northeast,Website,2,35.0,20.0,56.0,32.0,10.08,13.92,3,No
O100500,2025-09-08,C10278,Desk Lamp,Home & Office,Midwest,Mobile App,2,35.0,20.0,56.0,32.0,12.04,11.96,3,No
O100630,2025-09-08,C10416,Desk Organizer,Home & Office,West,Marketplace,1,24.0,12.0,21.12,10.0,-0.45,11.57,5,No
O100833,2025-09-08,C10422,Mechanical Keyboard,Electronics,Northeast,Website,2,95.0,0.0,190.0,102.0,79.13,8.87,1,No
O100375,2025-09-09,C10079,Science Book,Books & Media,Southeast,Mobile App,2,39.0,0.0,78.0,32.0,35.31,10.69,4,No
O101039,2025-09-09,C10602,Monitor Stand,Home & Office,Midwest,Website,1,59.0,10.0,53.1,28.0,14.45,10.65,6,No
O101958,2025-09-09,C10038,Mechanical Keyboard,Electronics,Northeast,Website,1,95.0,25.0,71.25,51.0,10.75,9.5,3,No
O101672,2025-09-10,C10106,Wireless Headphones,Electronics,Northeast,Website,2,79.0,20.0,126.4,84.0,30.92,11.48,4,No
O100438,2025-09-10,C10490,Camping Chair,Outdoor,Midwest,Marketplace,1,69.0,17.0,57.27,34.0,12.8,10.47,4,No
O101505,2025-09-10,C10273,Webcam,Electronics,Northeast,Website,5,69.0,10.0,310.5,180.0,69.22,14.71,2,Yes
O100778,2025-09-10,C10411,Wireless Headphones,Electronics,Midwest,Mobile App,4,79.0,25.0,237.0,168.0,52.73,16.27,2,No
O101748,2025-09-10,C10595,Rain Jacket,Apparel,West,Marketplace,1,99.0,17.0,82.17,48.0,18.77,15.4,7,No
O100195,2025-09-10,C10363,Fleece Jacket,Apparel,West,Website,1,84.0,0.0,84.0,39.0,35.29,9.71,5,No
O101327,2025-09-11,C10277,Insulated Bottle,Outdoor,Northeast,Website,1,32.0,20.0,25.6,14.0,-0.56,12.16,4,No
O100382,2025-09-11,C10197,Office Chair,Home & Office,Southwest,Marketplace,3,189.0,17.0,470.61,315.0,144.86,10.75,4,No
O100173,2025-09-11,C10284,Bluetooth Speaker,Electronics,West,Mobile App,2,65.0,5.0,123.5,68.0,39.85,15.65,5,No
O101000,2025-09-12,C10472,Programming Book,Books & Media,Midwest,Mobile App,3,59.0,0.0,177.0,75.0,86.38,15.62,4,No
O100359,2025-09-12,C10064,Trail Shoes,Apparel,Northeast,Mobile App,1,129.0,0.0,129.0,68.0,48.16,12.84,4,No
O101123,2025-09-12,C10541,Bluetooth Speaker,Electronics,Northeast,Mobile App,1,65.0,10.0,58.5,34.0,15.69,8.81,4,No
O100034,2025-09-12,C10391,Rain Jacket,Apparel,Southeast,Website,1,99.0,5.0,94.05,48.0,35.59,10.46,6,No
O100821,2025-09-12,C10626,Desk Lamp,Home & Office,Southeast,Marketplace,1,35.0,2.0,34.3,16.0,8.34,9.96,5,No
O100737,2025-09-12,C10509,Trail Shoes,Apparel,Midwest,Website,2,129.0,15.0,219.3,136.0,69.18,14.12,6,No
O100662,2025-09-12,C10097,USB-C Hub,Electronics,Southwest,Marketplace,4,39.0,17.0,129.48,80.0,13.15,16.91,5,Yes
O100001,2025-09-13,C10445,Office Chair,Home & Office,Northeast,Marketplace,1,189.0,27.0,137.97,105.0,21.82,11.15,4,No
O100321,2025-09-13,C10316,Standing Desk,Home & Office,Southeast,Website,1,349.0,0.0,349.0,205.0,78.03,13.62,1,Yes
O101838,2025-09-13,C10541,Monitor Stand,Home & Office,Midwest,Website,2,59.0,0.0,118.0,56.0,51.94,10.06,3,No
O100435,2025-09-13,C10368,Desk Organizer,Home & Office,Southwest,Website,1,24.0,5.0,22.8,10.0,2.43,10.37,2,No
O101531,2025-09-13,C10103,Portable Stove,Outdoor,West,Website,1,74.0,0.0,74.0,37.0,28.89,8.11,4,No
O101533,2025-09-13,C10647,Camping Chair,Outdoor,Midwest,Mobile App,1,69.0,10.0,62.1,34.0,20.64,7.46,2,No
O101754,2025-09-13,C10257,Webcam,Electronics,Southwest,Mobile App,1,69.0,15.0,58.65,36.0,11.07,11.58,3,No
O101443,2025-09-13,C10627,Rain Jacket,Apparel,Midwest,Marketplace,1,99.0,27.0,72.27,48.0,15.83,8.44,6,No
O101566,2025-09-13,C10167,Fleece Jacket,Apparel,Southeast,Mobile App,1,84.0,5.0,79.8,39.0,27.52,13.28,4,No
O100313,2025-09-13,C10243,Trail Shoes,Apparel,Midwest,Website,1,129.0,0.0,129.0,68.0,53.62,7.38,2,No
O100869,2025-09-13,C10247,Hiking Pants,Apparel,Southwest,Mobile App,4,79.0,20.0,252.8,140.0,98.21,14.59,6,No
O101013,2025-09-14,C10463,Standing Desk,Home & Office,Southeast,Marketplace,1,349.0,7.0,324.57,205.0,111.92,7.65,5,No
O100324,2025-09-14,C10158,Insulated Bottle,Outdoor,West,Website,1,32.0,15.0,27.2,14.0,3.52,9.68,3,No
O100071,2025-09-14,C10252,Bluetooth Speaker,Electronics,West,Website,1,65.0,30.0,45.5,34.0,-5.12,8.62,5,Yes
O101244,2025-09-14,C10104,Wireless Headphones,Electronics,Northeast,Mobile App,2,79.0,0.0,158.0,84.0,61.67,12.33,3,No
O100861,2025-09-15,C10140,Trail Shoes,Apparel,Southeast,Website,2,129.0,30.0,180.6,136.0,30.99,13.61,3,No
O100683,2025-09-15,C10353,Desk Lamp,Home & Office,Southeast,Website,3,35.0,10.0,94.5,48.0,33.77,12.73,5,No
O100021,2025-09-15,C10138,Hiking Backpack,Outdoor,Northeast,Website,2,119.0,10.0,214.2,122.0,45.58,14.49,7,Yes
O101215,2025-09-15,C10159,Camping Chair,Outdoor,Southeast,Marketplace,1,69.0,12.0,60.72,34.0,14.38,12.34,6,No
O101235,2025-09-15,C10287,Monitor Stand,Home & Office,Midwest,Website,2,59.0,10.0,106.2,56.0,37.19,13.01,3,No
O101528,2025-09-15,C10357,Science Book,Books & Media,West,Website,2,39.0,10.0,70.2,32.0,25.27,12.93,4,No
O100319,2025-09-15,C10089,Mechanical Keyboard,Electronics,Northeast,Website,1,95.0,15.0,80.75,51.0,16.88,12.87,2,No
O100261,2025-09-15,C10154,Desk Lamp,Home & Office,Northeast,Marketplace,2,35.0,12.0,61.6,32.0,18.36,11.24,6,No
O100338,2025-09-16,C10169,Trail Shoes,Apparel,West,Mobile App,1,129.0,10.0,116.1,68.0,39.19,8.91,5,No
O101002,2025-09-16,C10355,Desk Lamp,Home & Office,Southeast,Website,1,35.0,15.0,29.75,16.0,1.35,12.4,4,No
O100266,2025-09-16,C10565,Webcam,Electronics,West,Website,1,69.0,25.0,51.75,36.0,2.71,13.04,2,No
O100893,2025-09-16,C10573,Rain Jacket,Apparel,Northeast,Website,1,99.0,5.0,94.05,48.0,32.96,13.09,3,No
O101894,2025-09-17,C10090,Monitor Stand,Home & Office,Northeast,Marketplace,1,59.0,22.0,46.02,28.0,10.51,7.51,5,No
O101007,2025-09-17,C10635,Monitor Stand,Home & Office,Southeast,Marketplace,1,59.0,12.0,51.92,28.0,3.33,12.59,4,Yes
O100689,2025-09-17,C10158,Bluetooth Speaker,Electronics,Southeast,Website,1,65.0,10.0,58.5,34.0,14.7,9.8,4,No
O100902,2025-09-17,C10334,Hiking Pants,Apparel,Northeast,Mobile App,1,79.0,20.0,63.2,35.0,20.66,7.54,3,No
O101351,2025-09-17,C10245,Trail Shoes,Apparel,West,Website,2,129.0,15.0,219.3,136.0,36.58,13.83,3,Yes
O101952,2025-09-17,C10406,Insulated Bottle,Outdoor,Southeast,Website,2,32.0,15.0,54.4,28.0,6.2,12.04,5,Yes
O101993,2025-09-18,C10158,Desk Lamp,Home & Office,Northeast,Website,2,35.0,15.0,59.5,32.0,4.88,13.69,3,Yes
O100852,2025-09-18,C10503,USB-C Hub,Electronics,Midwest,Website,1,39.0,15.0,33.15,20.0,2.33,10.82,3,No
O101054,2025-09-18,C10316,Bluetooth Speaker,Electronics,Northeast,Marketplace,1,65.0,7.0,60.45,34.0,14.41,12.04,3,No
O100041,2025-09-18,C10457,Wireless Headphones,Electronics,West,Mobile App,1,79.0,0.0,79.0,42.0,22.98,14.02,3,No
O100688,2025-09-18,C10368,Trail Shoes,Apparel,West,Mobile App,2,129.0,10.0,232.2,136.0,79.41,16.79,4,No
O100135,2025-09-18,C10376,Monitor Stand,Home & Office,West,Marketplace,2,59.0,17.0,97.94,56.0,29.31,12.63,5,No
O101874,2025-09-19,C10171,USB-C Hub,Electronics,Southeast,Mobile App,2,39.0,20.0,62.4,40.0,-0.14,13.18,2,Yes
O101027,2025-09-19,C10165,Office Chair,Home & Office,Southwest,Mobile App,1,189.0,10.0,170.1,105.0,56.32,8.78,5,No
O100624,2025-09-19,C10585,Performance Shirt,Apparel,Southwest,Mobile App,1,45.0,0.0,45.0,19.0,15.6,10.4,4,No
O100847,2025-09-19,C10218,Programming Book,Books & Media,Northeast,Website,2,59.0,0.0,118.0,50.0,58.75,9.25,4,No
O101784,2025-09-19,C10082,Portable Stove,Outdoor,Southeast,Mobile App,4,74.0,0.0,296.0,148.0,135.8,12.2,4,No
O101105,2025-09-19,C10454,Camping Chair,Outdoor,Southeast,Mobile App,1,69.0,5.0,65.55,34.0,18.49,13.06,3,No
O101570,2025-09-20,C10271,Hiking Backpack,Outdoor,Southeast,Website,2,119.0,10.0,214.2,122.0,76.99,15.21,4,No
O101112,2025-09-20,C10573,Hiking Pants,Apparel,Northeast,Website,1,79.0,15.0,67.15,35.0,22.48,9.67,3,No
O101484,2025-09-21,C10198,Wireless Headphones,Electronics,Southwest,Website,3,79.0,25.0,177.75,126.0,9.0,16.09,6,Yes
O101133,2025-09-21,C10169,Performance Shirt,Apparel,West,Marketplace,2,45.0,2.0,88.2,38.0,39.42,10.78,6,No
O100326,2025-09-21,C10374,Camping Chair,Outdoor,Southeast,Website,2,69.0,15.0,117.3,68.0,18.26,13.45,4,Yes
O100734,2025-09-21,C10158,Desk Organizer,Home & Office,Midwest,Mobile App,3,24.0,15.0,61.2,30.0,16.85,14.35,4,No
O100583,2025-09-21,C10353,Desk Organizer,Home & Office,Southeast,Mobile App,2,24.0,20.0,38.4,20.0,-0.88,11.28,4,Yes
O100353,2025-09-21,C10488,Hiking Backpack,Outdoor,Midwest,Website,1,119.0,0.0,119.0,61.0,48.99,9.01,4,No
O101315,2025-09-22,C10105,Desk Lamp,Home & Office,Southeast,Website,1,35.0,10.0,31.5,16.0,-1.72,9.22,5,Yes
O100479,2025-09-22,C10071,Hiking Backpack,Outdoor,Southeast,Website,1,119.0,10.0,107.1,61.0,33.44,12.66,2,No
O100987,2025-09-22,C10240,Science Book,Books & Media,West,Website,1,39.0,5.0,37.05,16.0,13.36,7.69,3,No
O101945,2025-09-22,C10422,Webcam,Electronics,Northeast,Website,1,69.0,5.0,65.55,36.0,19.47,10.08,4,No
O100068,2025-09-22,C10619,Rain Jacket,Apparel,West,Mobile App,1,99.0,5.0,94.05,48.0,33.05,13.0,4,No
O100726,2025-09-23,C10570,Programming Book,Books & Media,Southwest,Website,1,59.0,15.0,50.15,25.0,11.46,13.69,5,No
O101780,2025-09-23,C10307,Hiking Backpack,Outdoor,West,Website,2,119.0,10.0,214.2,122.0,83.02,9.18,3,No
O100712,2025-09-24,C10497,Fleece Jacket,Apparel,Southeast,Website,2,84.0,5.0,159.6,78.0,48.6,9.06,1,Yes
O101694,2025-09-24,C10549,Office Chair,Home & Office,Southeast,Mobile App,1,189.0,0.0,189.0,105.0,73.43,10.57,3,No
O100790,2025-09-24,C10369,Camping Chair,Outdoor,West,Mobile App,1,69.0,25.0,51.75,34.0,5.65,12.1,4,No
O100894,2025-09-24,C10079,Webcam,Electronics,West,Website,1,69.0,0.0,69.0,36.0,23.71,9.29,3,No
O100069,2025-09-25,C10578,Programming Book,Books & Media,Southeast,Marketplace,2,59.0,7.0,109.74,50.0,48.25,11.49,4,No
O100038,2025-09-25,C10170,Office Chair,Home & Office,Southwest,Mobile App,1,189.0,15.0,160.65,105.0,46.18,9.47,4,No
O101410,2025-09-25,C10351,Desk Lamp,Home & Office,Midwest,Website,2,35.0,0.0,70.0,32.0,23.37,14.63,3,No
O100953,2025-09-25,C10424,Wireless Headphones,Electronics,Northeast,Website,1,79.0,5.0,75.05,42.0,22.09,10.96,6,No
O100459,2025-09-25,C10171,Camping Lantern,Outdoor,West,Mobile App,5,45.0,10.0,202.5,110.0,78.26,14.24,6,No
O100025,2025-09-25,C10021,Office Chair,Home & Office,Southeast,Website,1,189.0,30.0,132.3,105.0,13.52,13.78,5,No
O101768,2025-09-25,C10353,Science Book,Books & Media,Southeast,Marketplace,3,39.0,12.0,102.96,48.0,41.71,13.25,3,No
O100900,2025-09-25,C10607,Bluetooth Speaker,Electronics,West,Website,2,65.0,0.0,130.0,68.0,49.46,12.54,4,No
O100328,2025-09-25,C10609,Trail Shoes,Apparel,Southwest,Mobile App,1,129.0,10.0,116.1,68.0,38.76,9.34,3,No
O101616,2025-09-26,C10516,Desk Lamp,Home & Office,West,Website,2,35.0,15.0,59.5,32.0,6.55,12.02,5,Yes
O101160,2025-09-26,C10091,Desk Organizer,Home & Office,Southeast,Website,1,24.0,0.0,24.0,10.0,1.93,12.07,5,No
O101444,2025-09-26,C10525,Hiking Backpack,Outdoor,Northeast,Mobile App,1,119.0,10.0,107.1,61.0,35.3,10.8,3,No
O101452,2025-09-27,C10573,Monitor Stand,Home & Office,Northeast,Mobile App,1,59.0,5.0,56.05,28.0,16.99,11.06,4,No
O100801,2025-09-27,C10120,Data Analytics Book,Books & Media,Southeast,Website,3,49.0,10.0,132.3,63.0,58.16,11.14,2,No
O101447,2025-09-27,C10290,Wireless Headphones,Electronics,Southwest,Website,2,79.0,15.0,134.3,84.0,38.18,12.12,5,No
O101168,2025-09-27,C10188,Rain Jacket,Apparel,Southwest,Mobile App,1,99.0,15.0,84.15,48.0,25.51,10.64,2,No
O101066,2025-09-27,C10371,USB-C Hub,Electronics,West,Website,1,39.0,25.0,29.25,20.0,-14.01,15.26,6,Yes
O101544,2025-09-27,C10589,Office Chair,Home & Office,Southwest,Website,2,189.0,10.0,340.2,210.0,115.86,14.34,4,No
O101508,2025-09-27,C10383,Camping Lantern,Outdoor,Southeast,Website,1,45.0,5.0,42.75,22.0,8.37,12.38,5,No
O101428,2025-09-27,C10103,Business Strategy Book,Books & Media,Midwest,Website,1,44.0,0.0,44.0,19.0,13.79,11.21,4,No
O100812,2025-09-27,C10412,Monitor Stand,Home & Office,Southeast,Website,1,59.0,15.0,50.15,28.0,11.44,10.71,4,No
O101501,2025-09-27,C10524,Fleece Jacket,Apparel,Southwest,Marketplace,3,84.0,2.0,246.96,117.0,113.78,16.18,3,No
O100566,2025-09-28,C10607,USB-C Hub,Electronics,Midwest,Mobile App,2,39.0,0.0,78.0,40.0,27.54,10.46,4,No
O101136,2025-09-28,C10470,Office Chair,Home & Office,West,Mobile App,1,189.0,15.0,160.65,105.0,46.86,8.79,6,No
O101198,2025-09-28,C10256,Fleece Jacket,Apparel,West,Website,2,84.0,5.0,159.6,78.0,70.03,11.57,3,No
O100796,2025-09-28,C10418,Office Chair,Home & Office,Southeast,Marketplace,1,189.0,12.0,166.32,105.0,50.36,10.96,5,No
O101144,2025-09-28,C10362,Mechanical Keyboard,Electronics,Midwest,Website,2,95.0,10.0,171.0,102.0,56.8,12.2,2,No
O101934,2025-09-28,C10583,Mechanical Keyboard,Electronics,West,Website,1,95.0,25.0,71.25,51.0,6.02,14.23,3,No
O101720,2025-09-29,C10093,Monitor Stand,Home & Office,West,Mobile App,1,59.0,10.0,53.1,28.0,13.89,11.21,6,No
O100433,2025-09-29,C10257,Camping Chair,Outdoor,Southeast,Website,4,69.0,10.0,248.4,136.0,100.14,12.26,3,No
O101051,2025-09-29,C10360,Camping Lantern,Outdoor,West,Mobile App,2,45.0,15.0,76.5,44.0,16.48,16.02,3,No
O100045,2025-09-29,C10087,Standing Desk,Home & Office,Southeast,Marketplace,1,349.0,22.0,272.22,205.0,54.65,12.57,6,No
O100545,2025-09-29,C10248,Webcam,Electronics,Northeast,Mobile App,3,69.0,5.0,196.65,108.0,74.87,13.78,2,No
O100582,2025-09-29,C10636,Rain Jacket,Apparel,Southeast,Marketplace,2,99.0,2.0,194.04,96.0,88.37,9.67,4,No
O100994,2025-09-29,C10350,Webcam,Electronics,Northeast,Mobile App,1,69.0,10.0,62.1,36.0,12.87,13.23,1,No
O101677,2025-09-30,C10088,Desk Lamp,Home & Office,Northeast,Website,1,35.0,25.0,26.25,16.0,-2.0,12.25,3,No
O100236,2025-09-30,C10599,Rain Jacket,Apparel,Northeast,Website,1,99.0,0.0,99.0,48.0,38.55,12.45,1,No
O101704,2025-09-30,C10150,Monitor Stand,Home & Office,Southeast,Marketplace,1,59.0,2.0,57.82,28.0,20.33,9.49,4,No
O101041,2025-09-30,C10529,USB-C Hub,Electronics,Southwest,Website,1,39.0,0.0,39.0,20.0,6.02,12.98,1,No
O101986,2025-09-30,C10453,Hiking Backpack,Outdoor,Midwest,Mobile App,2,119.0,20.0,190.4,122.0,54.7,13.7,2,No
O101094,2025-09-30,C10386,Rain Jacket,Apparel,Northeast,Website,1,99.0,20.0,79.2,48.0,10.29,9.03,5,Yes
O100970,2025-09-30,C10086,USB-C Hub,Electronics,West,Website,3,39.0,5.0,111.15,60.0,34.88,16.27,4,No
O101983,2025-10-01,C10608,Wireless Headphones,Electronics,Southeast,Website,2,79.0,10.0,142.2,84.0,47.75,10.45,2,No
O100146,2025-10-01,C10246,Rain Jacket,Apparel,West,Website,1,99.0,15.0,84.15,48.0,27.94,8.21,4,No
O100530,2025-10-01,C10133,Programming Book,Books & Media,Southeast,Website,2,59.0,0.0,118.0,50.0,59.0,9.0,3,No
O101401,2025-10-01,C10078,Hiking Backpack,Outdoor,Southwest,Website,3,119.0,20.0,285.6,183.0,89.52,13.08,6,No
O100943,2025-10-01,C10133,Hiking Backpack,Outdoor,Midwest,Mobile App,1,119.0,10.0,107.1,61.0,38.57,7.53,2,No
O100676,2025-10-01,C10489,Hiking Backpack,Outdoor,Midwest,Website,2,119.0,25.0,178.5,122.0,43.13,13.37,3,No
O100355,2025-10-02,C10608,Science Book,Books & Media,Southeast,Website,1,39.0,10.0,35.1,16.0,5.06,14.04,5,No
O101300,2025-10-02,C10003,USB-C Hub,Electronics,Southwest,Website,1,39.0,25.0,29.25,20.0,-2.6,11.85,5,No
O100544,2025-10-02,C10610,Office Chair,Home & Office,Northeast,Mobile App,2,189.0,0.0,378.0,210.0,153.32,14.68,5,No
O101538,2025-10-02,C10100,Monitor Stand,Home & Office,Northeast,Website,3,59.0,0.0,177.0,84.0,79.03,13.97,3,No
O100825,2025-10-02,C10086,Office Chair,Home & Office,West,Website,4,189.0,20.0,604.8,420.0,166.0,18.8,4,No
O101963,2025-10-02,C10351,Hiking Backpack,Outdoor,Southeast,Website,3,119.0,5.0,339.15,183.0,145.61,10.54,1,No
O100361,2025-10-02,C10147,Hiking Backpack,Outdoor,Midwest,Website,2,119.0,0.0,238.0,122.0,106.08,9.92,6,No
O101130,2025-10-02,C10542,Insulated Bottle,Outdoor,Southwest,Website,1,32.0,5.0,30.4,14.0,4.2,12.2,2,No
O100575,2025-10-02,C10574,Trail Shoes,Apparel,Southwest,Mobile App,4,129.0,5.0,490.2,272.0,203.2,15.0,4,No
O100785,2025-10-03,C10080,Programming Book,Books & Media,Southeast,Marketplace,1,59.0,32.0,40.12,25.0,2.83,12.29,5,No
O101234,2025-10-03,C10362,Wireless Headphones,Electronics,Southeast,Website,1,79.0,30.0,55.3,42.0,3.61,9.69,4,No
O101309,2025-10-03,C10477,Bluetooth Speaker,Electronics,Midwest,Mobile App,1,65.0,0.0,65.0,34.0,19.42,11.58,4,No
O100948,2025-10-03,C10190,Science Book,Books & Media,Southeast,Mobile App,3,39.0,0.0,117.0,48.0,57.73,11.27,4,No
O100239,2025-10-03,C10072,Monitor Stand,Home & Office,West,Website,2,59.0,15.0,100.3,56.0,28.43,15.87,3,No
O101592,2025-10-04,C10326,Trail Shoes,Apparel,Southwest,Website,1,129.0,0.0,129.0,68.0,49.79,11.21,1,No
O100941,2025-10-04,C10236,Rain Jacket,Apparel,West,Mobile App,1,99.0,15.0,84.15,48.0,22.78,13.37,3,No
O100386,2025-10-04,C10173,Science Book,Books & Media,Northeast,Website,3,39.0,25.0,87.75,48.0,25.33,14.42,3,No
O100346,2025-10-04,C10111,Desk Lamp,Home & Office,Southeast,Mobile App,3,35.0,20.0,84.0,48.0,19.66,16.34,2,No
O100499,2025-10-04,C10097,Wireless Headphones,Electronics,West,Website,2,79.0,0.0,158.0,84.0,64.4,9.6,3,No
O101178,2025-10-04,C10033,Science Book,Books & Media,West,Website,3,39.0,10.0,105.3,48.0,45.06,12.24,4,No
O101366,2025-10-05,C10436,Insulated Bottle,Outdoor,Northeast,Mobile App,1,32.0,0.0,32.0,14.0,7.95,10.05,3,No
O100383,2025-10-05,C10118,Business Strategy Book,Books & Media,Southeast,Website,4,44.0,30.0,123.2,76.0,32.24,14.96,5,No
O100152,2025-10-05,C10387,Standing Desk,Home & Office,Southwest,Mobile App,1,349.0,0.0,349.0,205.0,132.56,11.44,3,No
O101975,2025-10-05,C10141,USB-C Hub,Electronics,Midwest,Website,1,39.0,0.0,39.0,20.0,10.87,8.13,3,No
O101772,2025-10-05,C10026,Monitor Stand,Home & Office,Northeast,Mobile App,1,59.0,0.0,59.0,28.0,13.91,8.24,5,Yes
O100393,2025-10-06,C10509,Performance Shirt,Apparel,West,Mobile App,2,45.0,5.0,85.5,38.0,32.95,14.55,2,No
O100571,2025-10-06,C10059,Webcam,Electronics,Midwest,Mobile App,3,69.0,30.0,144.9,108.0,24.64,12.26,1,No
O100294,2025-10-06,C10250,Portable Stove,Outdoor,Midwest,Website,1,74.0,0.0,74.0,37.0,24.57,12.43,3,No
O101588,2025-10-07,C10338,Performance Shirt,Apparel,Midwest,Website,2,45.0,10.0,81.0,38.0,33.29,9.71,2,No
O100823,2025-10-07,C10329,Photography Guide,Books & Media,Southeast,Mobile App,1,34.0,5.0,32.3,14.0,6.85,11.45,6,No
O100515,2025-10-07,C10009,Desk Lamp,Home & Office,Southeast,Website,5,35.0,5.0,166.25,80.0,71.86,14.39,3,No
O101211,2025-10-07,C10479,Standing Desk,Home & Office,Southeast,Website,2,349.0,0.0,698.0,410.0,275.2,12.8,2,No
O101046,2025-10-07,C10158,Desk Organizer,Home & Office,Southwest,Marketplace,3,24.0,2.0,70.56,30.0,27.28,13.28,3,No
O100398,2025-10-07,C10505,Wireless Headphones,Electronics,Southwest,Marketplace,1,79.0,7.0,73.47,42.0,21.57,9.9,5,No
O100961,2025-10-07,C10182,Camping Chair,Outdoor,Midwest,Website,2,69.0,15.0,117.3,68.0,39.5,9.8,4,No
O101982,2025-10-07,C10271,Desk Lamp,Home & Office,Southeast,Marketplace,3,35.0,22.0,81.9,48.0,17.99,15.91,6,No
O101966,2025-10-07,C10553,Programming Book,Books & Media,Southwest,Website,1,59.0,20.0,47.2,25.0,12.29,9.91,5,No
O101369,2025-10-08,C10219,Hiking Backpack,Outdoor,Southeast,Website,1,119.0,30.0,83.3,61.0,14.4,7.9,2,No
O100889,2025-10-08,C10321,Trail Shoes,Apparel,Southeast,Marketplace,1,129.0,12.0,113.52,68.0,36.69,8.83,6,No
O101624,2025-10-08,C10527,Wireless Headphones,Electronics,Southeast,Marketplace,2,79.0,22.0,123.24,84.0,24.81,14.43,7,No
O100117,2025-10-08,C10596,Camping Lantern,Outdoor,West,Website,1,45.0,0.0,45.0,22.0,11.17,11.83,3,No
O100274,2025-10-08,C10494,Business Strategy Book,Books & Media,Southeast,Website,1,44.0,5.0,41.8,19.0,10.1,12.7,4,No
O100685,2025-10-08,C10434,Webcam,Electronics,Midwest,Marketplace,3,69.0,17.0,171.81,108.0,50.6,13.21,5,No
O101248,2025-10-08,C10504,Hiking Pants,Apparel,Northeast,Marketplace,1,79.0,17.0,65.57,35.0,18.66,11.91,6,No
O100524,2025-10-09,C10595,Webcam,Electronics,West,Mobile App,3,69.0,15.0,175.95,108.0,50.89,17.06,5,No
O100159,2025-10-09,C10620,Mechanical Keyboard,Electronics,Southeast,Mobile App,1,95.0,0.0,95.0,51.0,35.35,8.65,1,No
O101424,2025-10-09,C10230,Office Chair,Home & Office,Southeast,Marketplace,5,189.0,22.0,737.1,525.0,196.82,15.28,5,No
O100903,2025-10-10,C10316,Trail Shoes,Apparel,Northeast,Mobile App,1,129.0,0.0,129.0,68.0,47.82,13.18,5,No
O101337,2025-10-10,C10140,Camping Chair,Outdoor,Southeast,Marketplace,1,69.0,27.0,50.37,34.0,5.94,10.43,5,No
O101879,2025-10-10,C10285,Camping Lantern,Outdoor,Midwest,Website,4,45.0,5.0,171.0,88.0,67.34,15.66,5,No
O100039,2025-10-10,C10137,Trail Shoes,Apparel,Midwest,Mobile App,1,129.0,15.0,109.65,68.0,13.72,11.49,4,Yes
O100738,2025-10-10,C10169,Science Book,Books & Media,Midwest,Website,1,39.0,20.0,31.2,16.0,6.7,8.5,1,No
O100910,2025-10-11,C10374,Hiking Pants,Apparel,Southeast,Website,3,79.0,10.0,213.3,105.0,92.79,15.51,1,No
O101851,2025-10-11,C10517,Rain Jacket,Apparel,Northeast,Marketplace,2,99.0,2.0,194.04,96.0,85.31,12.73,4,No
O100716,2025-10-11,C10106,Webcam,Electronics,West,Mobile App,1,69.0,0.0,69.0,36.0,9.95,12.7,3,Yes
O100302,2025-10-11,C10370,Desk Lamp,Home & Office,West,Website,2,35.0,10.0,63.0,32.0,20.99,10.01,5,No
O101743,2025-10-11,C10101,Portable Stove,Outdoor,Northeast,Website,1,74.0,15.0,62.9,37.0,7.0,9.47,3,Yes
O100206,2025-10-12,C10402,USB-C Hub,Electronics,Southeast,Mobile App,2,39.0,30.0,54.6,40.0,0.21,14.39,4,No
O100518,2025-10-12,C10394,Camping Lantern,Outdoor,West,Marketplace,1,45.0,32.0,30.6,22.0,-3.52,12.12,7,No
O101080,2025-10-12,C10576,Standing Desk,Home & Office,Southeast,Mobile App,2,349.0,10.0,628.2,410.0,202.92,15.28,3,No
O101724,2025-10-13,C10168,Office Chair,Home & Office,Northeast,Mobile App,1,189.0,20.0,151.2,105.0,33.13,13.07,3,No
O100262,2025-10-13,C10133,Desk Organizer,Home & Office,Midwest,Mobile App,2,24.0,5.0,45.6,20.0,14.3,11.3,5,No
O101793,2025-10-13,C10335,Photography Guide,Books & Media,Southeast,Mobile App,2,34.0,20.0,54.4,28.0,3.17,15.07,3,Yes
O100809,2025-10-13,C10116,Photography Guide,Books & Media,Midwest,Mobile App,3,34.0,10.0,91.8,42.0,21.72,14.31,3,Yes
O100747,2025-10-13,C10070,Hiking Backpack,Outdoor,Southeast,Website,2,119.0,15.0,202.3,122.0,67.26,13.04,6,No
O100243,2025-10-14,C10420,Fleece Jacket,Apparel,West,Marketplace,1,84.0,2.0,82.32,39.0,34.04,9.28,3,No
O101589,2025-10-14,C10487,Standing Desk,Home & Office,Southeast,Website,1,349.0,0.0,349.0,205.0,131.45,12.55,6,No
O100997,2025-10-14,C10517,Office Chair,Home & Office,Southwest,Website,1,189.0,15.0,160.65,105.0,43.85,11.8,5,No
O101143,2025-10-15,C10574,Office Chair,Home & Office,Midwest,Mobile App,1,189.0,15.0,160.65,105.0,42.51,13.14,4,No
O100003,2025-10-15,C10476,Camping Chair,Outdoor,Northeast,Mobile App,1,69.0,15.0,58.65,34.0,14.89,9.76,2,No
O101700,2025-10-16,C10100,Webcam,Electronics,West,Website,2,69.0,10.0,124.2,72.0,41.15,11.05,2,No
O100423,2025-10-16,C10624,Bluetooth Speaker,Electronics,Midwest,Website,3,65.0,0.0,195.0,102.0,79.52,13.48,4,No
O100923,2025-10-17,C10648,Wireless Headphones,Electronics,West,Website,1,79.0,5.0,75.05,42.0,22.22,10.83,5,No
O101109,2025-10-17,C10318,Monitor Stand,Home & Office,Southwest,Mobile App,1,59.0,0.0,59.0,28.0,22.96,8.04,3,No
O100605,2025-10-17,C10553,Desk Organizer,Home & Office,Southeast,Website,1,24.0,10.0,21.6,10.0,3.66,7.94,6,No
O101702,2025-10-18,C10505,Business Strategy Book,Books & Media,Southeast,Website,1,44.0,15.0,37.4,19.0,4.59,13.81,4,No
O101887,2025-10-18,C10198,Desk Organizer,Home & Office,Northeast,Marketplace,1,24.0,22.0,18.72,10.0,-9.88,10.6,6,Yes
O100933,2025-10-18,C10523,Monitor Stand,Home & Office,Southwest,Mobile App,2,59.0,0.0,118.0,56.0,49.6,12.4,3,No
O100661,2025-10-18,C10035,Camping Lantern,Outdoor,Southeast,Marketplace,1,45.0,17.0,37.35,22.0,5.01,10.34,6,No
O100881,2025-10-18,C10055,Camping Lantern,Outdoor,West,Website,1,45.0,5.0,42.75,22.0,7.13,13.62,4,No
O100654,2025-10-19,C10626,Webcam,Electronics,Midwest,Marketplace,1,69.0,32.0,46.92,36.0,2.05,8.87,6,No
O100006,2025-10-19,C10012,Desk Lamp,Home & Office,Southeast,Mobile App,2,35.0,0.0,70.0,32.0,25.93,12.07,3,No
O101891,2025-10-19,C10147,Portable Stove,Outdoor,Northeast,Mobile App,1,74.0,10.0,66.6,37.0,21.26,8.34,2,No
O101191,2025-10-19,C10164,USB-C Hub,Electronics,West,Mobile App,1,39.0,10.0,35.1,20.0,2.77,12.33,6,No
O101799,2025-10-19,C10247,Trail Shoes,Apparel,Southeast,Mobile App,1,129.0,5.0,122.55,68.0,46.17,8.38,3,No
O101389,2025-10-19,C10208,Camping Chair,Outdoor,West,Mobile App,1,69.0,5.0,65.55,34.0,22.98,8.57,4,No
O100411,2025-10-19,C10386,Monitor Stand,Home & Office,Southeast,Website,2,59.0,5.0,112.1,56.0,30.08,9.21,4,Yes
O100233,2025-10-20,C10432,USB-C Hub,Electronics,Southwest,Website,1,39.0,20.0,31.2,20.0,-1.93,13.13,4,No
O100720,2025-10-20,C10203,Camping Lantern,Outdoor,Southeast,Website,1,45.0,25.0,33.75,22.0,-1.46,13.21,3,No
O101790,2025-10-20,C10432,Monitor Stand,Home & Office,Southeast,Website,3,59.0,5.0,168.15,84.0,68.23,15.92,3,No
O100604,2025-10-20,C10469,Office Chair,Home & Office,Midwest,Marketplace,1,189.0,17.0,156.87,105.0,44.17,7.7,3,No
O100299,2025-10-21,C10604,Programming Book,Books & Media,Southeast,Website,2,59.0,10.0,106.2,50.0,45.11,11.09,5,No
O101403,2025-10-21,C10530,Portable Stove,Outdoor,Southeast,Marketplace,1,74.0,2.0,72.52,37.0,13.97,10.67,4,Yes
O101339,2025-10-21,C10626,Insulated Bottle,Outdoor,Southwest,Marketplace,1,32.0,2.0,31.36,14.0,2.53,14.83,6,No
O101223,2025-10-21,C10401,Trail Shoes,Apparel,Southeast,Website,1,129.0,15.0,109.65,68.0,29.9,11.75,5,No
O101391,2025-10-21,C10308,Camping Lantern,Outdoor,Midwest,Mobile App,1,45.0,15.0,38.25,22.0,-3.74,11.99,3,Yes
O100399,2025-10-22,C10157,Webcam,Electronics,Northeast,Mobile App,2,69.0,5.0,131.1,72.0,47.91,11.19,6,No
O100061,2025-10-22,C10372,Rain Jacket,Apparel,Midwest,Website,2,99.0,10.0,178.2,96.0,73.31,8.89,4,No
O100993,2025-10-22,C10423,Standing Desk,Home & Office,West,Website,1,349.0,30.0,244.3,205.0,26.16,13.14,4,No
O101221,2025-10-22,C10417,Science Book,Books & Media,Southwest,Mobile App,1,39.0,5.0,37.05,16.0,11.84,9.21,4,No
O100115,2025-10-22,C10325,Camping Lantern,Outdoor,Southwest,Mobile App,1,45.0,5.0,42.75,22.0,7.37,13.38,4,No
O101904,2025-10-23,C10034,Desk Lamp,Home & Office,West,Website,1,35.0,0.0,35.0,16.0,1.04,9.96,5,Yes
O101461,2025-10-23,C10365,Webcam,Electronics,Midwest,Mobile App,1,69.0,5.0,65.55,36.0,19.03,10.52,5,No
O100744,2025-10-23,C10108,Standing Desk,Home & Office,Northeast,Website,1,349.0,5.0,331.55,205.0,113.78,12.77,5,No
O100454,2025-10-23,C10610,Trail Shoes,Apparel,West,Website,1,129.0,0.0,129.0,68.0,46.18,14.82,3,No
O100548,2025-10-23,C10432,Fleece Jacket,Apparel,Southeast,Website,1,84.0,10.0,75.6,39.0,16.45,8.81,6,Yes
O100816,2025-10-23,C10630,USB-C Hub,Electronics,West,Mobile App,1,39.0,10.0,35.1,20.0,6.38,8.72,5,No
O101114,2025-10-23,C10262,Desk Lamp,Home & Office,Southwest,Website,2,35.0,5.0,66.5,32.0,22.25,12.25,4,No
O101139,2025-10-24,C10532,Business Strategy Book,Books & Media,Southwest,Mobile App,1,44.0,5.0,41.8,19.0,11.25,11.55,3,No
O100521,2025-10-24,C10309,Science Book,Books & Media,Southwest,Website,2,39.0,10.0,70.2,32.0,22.93,15.27,3,No
O100842,2025-10-24,C10544,USB-C Hub,Electronics,Northeast,Mobile App,2,39.0,5.0,74.1,40.0,21.04,13.06,5,No
O100149,2025-10-24,C10436,Insulated Bottle,Outdoor,Midwest,Website,1,32.0,10.0,28.8,14.0,-5.0,11.8,4,Yes
O101929,2025-10-24,C10307,Wireless Headphones,Electronics,Southwest,Website,1,79.0,25.0,59.25,42.0,5.14,12.11,5,No
O101832,2025-10-25,C10631,Desk Lamp,Home & Office,Southeast,Mobile App,2,35.0,0.0,70.0,32.0,24.54,13.46,3,No
O101552,2025-10-25,C10279,Rain Jacket,Apparel,Northeast,Website,1,99.0,10.0,89.1,48.0,31.98,9.12,1,No
O100855,2025-10-25,C10045,Rain Jacket,Apparel,Southeast,Marketplace,1,99.0,22.0,77.22,48.0,16.8,12.42,6,No
O101137,2025-10-25,C10211,Fleece Jacket,Apparel,Southwest,Mobile App,1,84.0,0.0,84.0,39.0,35.15,9.85,4,No
O100914,2025-10-25,C10099,Fleece Jacket,Apparel,Southeast,Website,2,84.0,10.0,151.2,78.0,35.85,14.67,4,Yes
O101764,2025-10-25,C10047,Programming Book,Books & Media,Midwest,Mobile App,2,59.0,10.0,106.2,50.0,41.74,14.46,4,No
O100052,2025-10-25,C10243,Programming Book,Books & Media,Southwest,Mobile App,2,59.0,5.0,112.1,50.0,52.44,9.66,4,No
O100466,2025-10-26,C10290,Photography Guide,Books & Media,West,Website,1,34.0,5.0,32.3,14.0,6.92,11.38,5,No
O101900,2025-10-26,C10044,Programming Book,Books & Media,Southwest,Website,1,59.0,0.0,59.0,25.0,21.78,12.22,1,No
O101091,2025-10-27,C10230,Camping Chair,Outdoor,Southeast,Marketplace,1,69.0,12.0,60.72,34.0,17.97,8.75,3,No
O100169,2025-10-27,C10032,Bluetooth Speaker,Electronics,Northeast,Website,1,65.0,5.0,61.75,34.0,16.93,10.82,4,No
O101885,2025-10-27,C10017,USB-C Hub,Electronics,Southeast,Marketplace,4,39.0,2.0,152.88,80.0,60.36,12.52,3,No
O101321,2025-10-27,C10378,Mechanical Keyboard,Electronics,West,Website,1,95.0,10.0,85.5,51.0,24.32,10.18,5,No
O101738,2025-10-27,C10006,Mechanical Keyboard,Electronics,West,Website,4,95.0,10.0,342.0,204.0,119.0,19.0,4,No
O101488,2025-10-27,C10174,Rain Jacket,Apparel,West,Website,1,99.0,10.0,89.1,48.0,29.54,11.56,3,No
O100508,2025-10-28,C10333,Rain Jacket,Apparel,Northeast,Website,3,99.0,10.0,267.3,144.0,111.82,11.48,2,No
O101569,2025-10-28,C10494,Webcam,Electronics,Southwest,Mobile App,4,69.0,10.0,248.4,144.0,87.93,16.47,2,No
O100185,2025-10-28,C10369,Camping Lantern,Outdoor,Southeast,Mobile App,1,45.0,20.0,36.0,22.0,2.57,11.43,4,No
O101509,2025-10-29,C10275,Camping Lantern,Outdoor,Southeast,Website,4,45.0,25.0,135.0,88.0,30.81,16.19,5,No
O100666,2025-10-29,C10639,Bluetooth Speaker,Electronics,Southeast,Website,1,65.0,10.0,58.5,34.0,15.0,9.5,5,No
O101197,2025-10-29,C10642,Performance Shirt,Apparel,Southeast,Mobile App,1,45.0,0.0,45.0,19.0,17.48,8.52,4,No
O100488,2025-10-29,C10495,USB-C Hub,Electronics,Southeast,Marketplace,1,39.0,2.0,38.22,20.0,9.97,8.25,6,No
O100927,2025-10-29,C10147,Desk Lamp,Home & Office,Midwest,Mobile App,5,35.0,0.0,175.0,80.0,76.82,18.18,6,No
O101897,2025-10-29,C10507,Programming Book,Books & Media,Southeast,Website,1,59.0,0.0,59.0,25.0,21.39,12.61,5,No
O101203,2025-10-29,C10037,Desk Organizer,Home & Office,Southeast,Website,1,24.0,10.0,21.6,10.0,3.95,7.65,5,No
O101973,2025-10-30,C10644,Performance Shirt,Apparel,Southwest,Mobile App,1,45.0,15.0,38.25,19.0,9.25,10.0,3,No
O101731,2025-10-30,C10349,Fleece Jacket,Apparel,West,Marketplace,1,84.0,12.0,73.92,39.0,20.96,13.96,3,No
O101627,2025-10-30,C10316,Trail Shoes,Apparel,Midwest,Website,1,129.0,0.0,129.0,68.0,49.58,11.42,4,No
O101581,2025-10-30,C10339,Office Chair,Home & Office,Midwest,Mobile App,1,189.0,10.0,170.1,105.0,56.1,9.0,4,No
O101270,2025-10-30,C10575,Programming Book,Books & Media,Southeast,Mobile App,2,59.0,0.0,118.0,50.0,37.45,12.85,7,Yes
O100907,2025-10-30,C10246,Fleece Jacket,Apparel,Southwest,Website,2,84.0,0.0,168.0,78.0,80.92,9.08,6,No
O100915,2025-10-31,C10570,Monitor Stand,Home & Office,West,Mobile App,3,59.0,5.0,168.15,84.0,73.65,10.5,4,No
O101688,2025-10-31,C10070,Performance Shirt,Apparel,Northeast,Marketplace,1,45.0,7.0,41.85,19.0,14.39,8.46,4,No
O101010,2025-10-31,C10046,Webcam,Electronics,Southwest,Marketplace,1,69.0,2.0,67.62,36.0,17.22,14.4,5,No
O101575,2025-10-31,C10513,Science Book,Books & Media,Northeast,Website,1,39.0,10.0,35.1,16.0,11.42,7.68,2,No
O101089,2025-10-31,C10376,Monitor Stand,Home & Office,Southeast,Website,2,59.0,0.0,118.0,56.0,48.33,13.67,4,No
O101478,2025-10-31,C10500,Standing Desk,Home & Office,Northeast,Website,2,349.0,10.0,628.2,410.0,204.51,13.69,4,No
O101833,2025-11-01,C10122,Wireless Headphones,Electronics,Northeast,Website,3,79.0,0.0,237.0,126.0,98.07,12.93,4,No
O100633,2025-11-01,C10180,Desk Lamp,Home & Office,Northeast,Marketplace,1,35.0,7.0,32.55,16.0,-0.45,9.0,4,Yes
O101272,2025-11-01,C10447,Insulated Bottle,Outdoor,Midwest,Website,1,32.0,15.0,27.2,14.0,1.0,12.2,4,No
O100345,2025-11-01,C10498,Science Book,Books & Media,West,Mobile App,1,39.0,0.0,39.0,16.0,14.59,8.41,5,No
O101429,2025-11-01,C10267,USB-C Hub,Electronics,Midwest,Website,2,39.0,15.0,66.3,40.0,17.04,9.26,4,No
O101199,2025-11-02,C10009,Science Book,Books & Media,Northeast,Mobile App,1,39.0,0.0,39.0,16.0,15.62,7.38,5,No
O100129,2025-11-02,C10555,Fleece Jacket,Apparel,Midwest,Mobile App,1,84.0,5.0,79.8,39.0,33.14,7.66,2,No
O101943,2025-11-02,C10060,USB-C Hub,Electronics,Southeast,Website,1,39.0,10.0,35.1,20.0,6.53,8.57,3,No
O100451,2025-11-02,C10152,Monitor Stand,Home & Office,West,Mobile App,3,59.0,10.0,159.3,84.0,40.46,10.94,5,Yes
O100879,2025-11-03,C10264,Performance Shirt,Apparel,West,Marketplace,2,45.0,17.0,74.7,38.0,20.85,15.85,2,No
O101981,2025-11-03,C10221,Hiking Backpack,Outdoor,Midwest,Website,1,119.0,30.0,83.3,61.0,10.31,11.99,3,No
O101719,2025-11-03,C10290,Camping Chair,Outdoor,Southeast,Marketplace,1,69.0,7.0,64.17,34.0,20.47,9.7,5,No
O100138,2025-11-03,C10177,Webcam,Electronics,West,Website,1,69.0,0.0,69.0,36.0,18.08,14.92,3,No
O101336,2025-11-03,C10469,Data Analytics Book,Books & Media,West,Mobile App,1,49.0,20.0,39.2,21.0,5.87,12.33,7,No
O100095,2025-11-03,C10354,Desk Lamp,Home & Office,Southeast,Marketplace,3,35.0,2.0,102.9,48.0,39.05,15.85,5,No
O101656,2025-11-03,C10433,Wireless Headphones,Electronics,Southwest,Marketplace,1,79.0,7.0,73.47,42.0,19.39,12.08,6,No
O100011,2025-11-03,C10108,Trail Shoes,Apparel,Northeast,Website,2,129.0,10.0,232.2,136.0,81.56,14.64,2,No
O100171,2025-11-03,C10290,Office Chair,Home & Office,West,Website,1,189.0,0.0,189.0,105.0,43.9,11.75,2,Yes
O101633,2025-11-03,C10161,Office Chair,Home & Office,Northeast,Marketplace,2,189.0,2.0,370.44,210.0,147.7,12.74,3,No
O101548,2025-11-04,C10453,Webcam,Electronics,Southeast,Mobile App,2,69.0,10.0,124.2,72.0,39.11,13.09,4,No
O100533,2025-11-04,C10510,Webcam,Electronics,Northeast,Marketplace,1,69.0,2.0,67.62,36.0,21.78,9.84,6,No
O100436,2025-11-04,C10616,Trail Shoes,Apparel,Northeast,Mobile App,1,129.0,30.0,90.3,68.0,-3.61,12.36,3,Yes
O100478,2025-11-04,C10200,Webcam,Electronics,Southeast,Website,2,69.0,10.0,124.2,72.0,42.62,9.58,3,No
O100944,2025-11-05,C10352,USB-C Hub,Electronics,Southwest,Mobile App,3,39.0,5.0,111.15,60.0,33.63,17.52,6,No
O100629,2025-11-05,C10175,Webcam,Electronics,Southeast,Mobile App,4,69.0,0.0,276.0,144.0,119.41,12.59,3,No
O101777,2025-11-05,C10097,Mechanical Keyboard,Electronics,Northeast,Mobile App,3,95.0,0.0,285.0,153.0,118.39,13.61,4,No
O101801,2025-11-06,C10639,Hiking Pants,Apparel,West,Mobile App,2,79.0,25.0,118.5,70.0,32.03,16.47,3,No
O101631,2025-11-06,C10038,Insulated Bottle,Outdoor,Southeast,Website,1,32.0,15.0,27.2,14.0,4.8,8.4,3,No
O101356,2025-11-06,C10274,Programming Book,Books & Media,Midwest,Website,1,59.0,15.0,50.15,25.0,14.85,10.3,3,No
O101625,2025-11-07,C10407,Fleece Jacket,Apparel,Midwest,Marketplace,1,84.0,12.0,73.92,39.0,12.29,11.55,6,Yes
O100858,2025-11-07,C10161,Mechanical Keyboard,Electronics,Southwest,Mobile App,2,95.0,0.0,190.0,102.0,47.29,12.21,5,Yes
O101961,2025-11-07,C10139,Rain Jacket,Apparel,Southeast,Marketplace,1,99.0,22.0,77.22,48.0,18.91,10.31,6,No
O101043,2025-11-07,C10050,Science Book,Books & Media,Southeast,Marketplace,1,39.0,32.0,26.52,16.0,1.31,9.21,4,No
O101758,2025-11-07,C10193,Hiking Backpack,Outdoor,Southeast,Website,3,119.0,10.0,321.3,183.0,122.67,15.63,4,No
O101649,2025-11-07,C10521,Webcam,Electronics,Midwest,Mobile App,2,69.0,0.0,138.0,72.0,56.58,9.42,4,No
O101556,2025-11-07,C10483,Bluetooth Speaker,Electronics,Northeast,Website,1,65.0,25.0,48.75,34.0,2.05,12.7,3,No
O100866,2025-11-08,C10440,Photography Guide,Books & Media,West,Mobile App,1,34.0,5.0,32.3,14.0,9.42,8.88,5,No
O101093,2025-11-08,C10616,Camping Lantern,Outdoor,West,Website,2,45.0,15.0,76.5,44.0,22.66,9.84,3,No
O101701,2025-11-08,C10324,Performance Shirt,Apparel,Southeast,Website,1,45.0,15.0,38.25,19.0,7.6,11.65,2,No
O100062,2025-11-08,C10332,Wireless Headphones,Electronics,West,Website,1,79.0,15.0,67.15,42.0,9.76,15.39,5,No
O101420,2025-11-08,C10470,Performance Shirt,Apparel,West,Mobile App,1,45.0,10.0,40.5,19.0,12.57,8.93,3,No
O100463,2025-11-09,C10466,Bluetooth Speaker,Electronics,Southeast,Website,1,65.0,15.0,55.25,34.0,8.51,12.74,4,No
O101967,2025-11-09,C10107,Photography Guide,Books & Media,West,Website,1,34.0,15.0,28.9,14.0,-0.29,15.19,5,No
O100259,2025-11-09,C10268,Portable Stove,Outdoor,Southeast,Website,5,74.0,10.0,333.0,185.0,133.3,14.7,3,No
O100954,2025-11-10,C10531,Bluetooth Speaker,Electronics,Northeast,Website,1,65.0,0.0,65.0,34.0,23.37,7.63,3,No
O100151,2025-11-10,C10186,Portable Stove,Outdoor,Southeast,Website,1,74.0,15.0,62.9,37.0,16.07,9.83,5,No
O101893,2025-11-10,C10405,Monitor Stand,Home & Office,Southwest,Website,2,59.0,10.0,106.2,56.0,36.53,13.67,4,No
O101521,2025-11-10,C10282,USB-C Hub,Electronics,Southwest,Mobile App,1,39.0,15.0,33.15,20.0,3.55,9.6,4,No
O101771,2025-11-10,C10521,Data Analytics Book,Books & Media,Southeast,Website,1,49.0,20.0,39.2,21.0,9.59,8.61,4,No
O101108,2025-11-11,C10297,Programming Book,Books & Media,Midwest,Mobile App,1,59.0,20.0,47.2,25.0,9.66,12.54,1,No
O101286,2025-11-11,C10266,Science Book,Books & Media,Southwest,Website,1,39.0,20.0,31.2,16.0,1.7,13.5,4,No
O100070,2025-11-11,C10255,Hiking Backpack,Outdoor,Midwest,Website,2,119.0,5.0,226.1,122.0,91.99,12.11,4,No
O100608,2025-11-11,C10292,USB-C Hub,Electronics,West,Marketplace,1,39.0,2.0,38.22,20.0,3.43,14.79,5,No
O100862,2025-11-11,C10568,Camping Lantern,Outdoor,Southeast,Marketplace,2,45.0,32.0,61.2,44.0,5.67,11.53,6,No
O100142,2025-11-11,C10017,Photography Guide,Books & Media,Northeast,Website,2,34.0,30.0,47.6,28.0,6.61,12.99,1,No
O100245,2025-11-11,C10471,Photography Guide,Books & Media,Midwest,Website,2,34.0,10.0,61.2,28.0,19.54,13.66,5,No
O100286,2025-11-11,C10025,Webcam,Electronics,West,Mobile App,4,69.0,25.0,207.0,144.0,48.24,14.76,4,No
O101869,2025-11-11,C10554,Hiking Backpack,Outdoor,Southwest,Website,1,119.0,0.0,119.0,61.0,46.12,11.88,3,No
O101858,2025-11-11,C10357,Office Chair,Home & Office,Southeast,Website,2,189.0,10.0,340.2,210.0,119.57,10.63,2,No
O101189,2025-11-12,C10202,Hiking Pants,Apparel,Midwest,Mobile App,3,79.0,5.0,225.15,105.0,108.96,11.19,3,No
O100496,2025-11-12,C10157,Camping Lantern,Outdoor,Southwest,Marketplace,1,45.0,22.0,35.1,22.0,-0.69,13.79,5,No
O101599,2025-11-12,C10347,Data Analytics Book,Books & Media,Southeast,Website,1,49.0,5.0,46.55,21.0,16.14,9.41,6,No
O100280,2025-11-13,C10537,Monitor Stand,Home & Office,Southwest,Mobile App,2,59.0,10.0,106.2,56.0,34.84,15.36,1,No
O100304,2025-11-13,C10429,Rain Jacket,Apparel,Northeast,Mobile App,1,99.0,15.0,84.15,48.0,28.32,7.83,2,No
O100456,2025-11-13,C10458,Camping Chair,Outdoor,Midwest,Marketplace,1,69.0,12.0,60.72,34.0,17.83,8.89,4,No
O100763,2025-11-14,C10420,Performance Shirt,Apparel,Southeast,Marketplace,2,45.0,17.0,74.7,38.0,21.84,14.86,4,No
O101295,2025-11-14,C10440,Programming Book,Books & Media,Southeast,Website,1,59.0,15.0,50.15,25.0,17.38,7.77,3,No
O101024,2025-11-14,C10500,Standing Desk,Home & Office,West,Mobile App,1,349.0,0.0,349.0,205.0,130.06,13.94,2,No
O100186,2025-11-14,C10275,Photography Guide,Books & Media,West,Website,1,34.0,10.0,30.6,14.0,8.17,8.43,4,No
O101145,2025-11-14,C10445,Programming Book,Books & Media,Midwest,Mobile App,1,59.0,0.0,59.0,25.0,20.84,13.16,3,No
O101940,2025-11-14,C10308,Webcam,Electronics,Southeast,Website,2,69.0,15.0,117.3,72.0,30.31,14.99,2,No
O101976,2025-11-15,C10314,Hiking Pants,Apparel,Southeast,Website,3,79.0,0.0,237.0,105.0,117.31,14.69,5,No
O101192,2025-11-15,C10534,Desk Organizer,Home & Office,Midwest,Website,3,24.0,30.0,50.4,30.0,6.74,13.66,1,No
O100187,2025-11-15,C10087,Monitor Stand,Home & Office,Southwest,Website,1,59.0,10.0,53.1,28.0,16.11,8.99,4,No
O101607,2025-11-15,C10351,Webcam,Electronics,Northeast,Mobile App,1,69.0,5.0,65.55,36.0,22.0,7.55,1,No
O100443,2025-11-16,C10436,Performance Shirt,Apparel,West,Mobile App,4,45.0,10.0,162.0,76.0,68.24,17.76,4,No
O100777,2025-11-16,C10095,Mechanical Keyboard,Electronics,Northeast,Website,3,95.0,5.0,270.75,153.0,103.55,14.2,5,No
O100172,2025-11-16,C10070,Business Strategy Book,Books & Media,Northeast,Website,3,44.0,0.0,132.0,57.0,60.87,14.13,3,No
O100534,2025-11-16,C10346,Camping Chair,Outdoor,Midwest,Mobile App,1,69.0,0.0,69.0,34.0,22.54,12.46,2,No
O100409,2025-11-16,C10527,Insulated Bottle,Outdoor,Southeast,Website,1,32.0,0.0,32.0,14.0,9.32,8.68,4,No
O100999,2025-11-16,C10269,Business Strategy Book,Books & Media,Midwest,Mobile App,1,44.0,10.0,39.6,19.0,8.94,11.66,5,No
O100227,2025-11-16,C10320,Desk Lamp,Home & Office,West,Marketplace,3,35.0,12.0,92.4,48.0,31.24,13.16,6,No
O100254,2025-11-17,C10568,Portable Stove,Outdoor,Southeast,Website,3,74.0,15.0,188.7,111.0,65.74,11.96,4,No
O101344,2025-11-17,C10633,Monitor Stand,Home & Office,Southeast,Website,2,59.0,5.0,112.1,56.0,45.06,11.04,5,No
O101999,2025-11-17,C10429,Trail Shoes,Apparel,Southwest,Mobile App,1,129.0,5.0,122.55,68.0,41.05,13.5,6,No
O100334,2025-11-17,C10605,Standing Desk,Home & Office,Southeast,Website,1,349.0,5.0,331.55,205.0,114.73,11.82,1,No
O100368,2025-11-17,C10053,Office Chair,Home & Office,West,Website,5,189.0,0.0,945.0,525.0,402.76,17.24,3,No
O101392,2025-11-17,C10539,Business Strategy Book,Books & Media,Southeast,Mobile App,1,44.0,0.0,44.0,19.0,15.68,9.32,1,No
O100491,2025-11-18,C10269,Portable Stove,Outdoor,Midwest,Mobile App,1,74.0,30.0,51.8,37.0,6.88,7.92,5,No
O100886,2025-11-18,C10294,Camping Lantern,Outdoor,Southeast,Website,1,45.0,0.0,45.0,22.0,15.13,7.87,3,No
O100291,2025-11-18,C10594,Desk Organizer,Home & Office,Midwest,Website,2,24.0,5.0,45.6,20.0,3.47,14.13,5,Yes
O100336,2025-11-18,C10151,Hiking Pants,Apparel,Southwest,Marketplace,3,79.0,2.0,232.26,105.0,111.84,15.42,4,No
O100226,2025-11-19,C10021,Data Analytics Book,Books & Media,Southeast,Mobile App,1,49.0,10.0,44.1,21.0,9.08,14.02,1,No
O101769,2025-11-19,C10289,Trail Shoes,Apparel,Southwest,Mobile App,2,129.0,0.0,258.0,136.0,106.97,15.03,7,No
O101417,2025-11-19,C10547,Portable Stove,Outdoor,Northeast,Website,1,74.0,30.0,51.8,37.0,1.77,13.03,2,No
O100339,2025-11-19,C10206,Programming Book,Books & Media,Southwest,Marketplace,1,59.0,7.0,54.87,25.0,21.63,8.24,4,No
O100740,2025-11-19,C10100,Hiking Backpack,Outdoor,West,Marketplace,2,119.0,17.0,197.54,122.0,66.0,9.54,5,No
O100388,2025-11-19,C10641,Rain Jacket,Apparel,Southeast,Website,1,99.0,5.0,94.05,48.0,33.9,12.15,2,No
O101163,2025-11-20,C10588,Office Chair,Home & Office,West,Website,1,189.0,5.0,179.55,105.0,65.64,8.91,5,No
O101703,2025-11-20,C10451,Trail Shoes,Apparel,Southeast,Website,2,129.0,0.0,258.0,136.0,107.71,14.29,7,No
O101201,2025-11-20,C10308,Camping Lantern,Outdoor,Southwest,Mobile App,4,45.0,0.0,180.0,88.0,73.45,18.55,5,No
O100356,2025-11-20,C10473,Science Book,Books & Media,Northeast,Website,1,39.0,10.0,35.1,16.0,1.24,9.86,6,Yes
O100032,2025-11-20,C10446,Camping Lantern,Outdoor,Northeast,Website,2,45.0,15.0,76.5,44.0,18.1,14.4,4,No
O101305,2025-11-21,C10541,Insulated Bottle,Outdoor,Midwest,Mobile App,1,32.0,15.0,27.2,14.0,-3.7,8.9,3,Yes
O101642,2025-11-21,C10217,Fleece Jacket,Apparel,Southeast,Website,3,84.0,0.0,252.0,117.0,118.79,16.21,3,No
O101239,2025-11-21,C10642,Bluetooth Speaker,Electronics,Northeast,Website,2,65.0,10.0,117.0,68.0,38.98,10.02,4,No
O101714,2025-11-22,C10023,Rain Jacket,Apparel,Southeast,Mobile App,3,99.0,20.0,237.6,144.0,80.11,13.49,5,No
O101159,2025-11-22,C10205,Rain Jacket,Apparel,Midwest,Marketplace,5,99.0,2.0,485.1,240.0,230.44,14.66,5,No
O101918,2025-11-22,C10016,Monitor Stand,Home & Office,Southeast,Website,3,59.0,5.0,168.15,84.0,69.09,15.06,1,No
O101306,2025-11-23,C10609,Rain Jacket,Apparel,Southeast,Mobile App,3,99.0,10.0,267.3,144.0,110.78,12.52,2,No
O101431,2025-11-23,C10336,Monitor Stand,Home & Office,West,Mobile App,1,59.0,25.0,44.25,28.0,3.58,12.67,3,No
O101246,2025-11-23,C10231,Webcam,Electronics,Southeast,Mobile App,3,69.0,0.0,207.0,108.0,84.19,14.81,3,No
O101204,2025-11-23,C10120,Webcam,Electronics,Midwest,Mobile App,2,69.0,15.0,117.3,72.0,31.16,14.14,1,No
O100707,2025-11-23,C10486,Standing Desk,Home & Office,Midwest,Website,2,349.0,0.0,698.0,410.0,278.19,9.81,4,No
O101604,2025-11-23,C10050,Standing Desk,Home & Office,Midwest,Mobile App,1,349.0,20.0,279.2,205.0,61.08,13.12,2,No
O100628,2025-11-23,C10126,Office Chair,Home & Office,Southeast,Mobile App,4,189.0,20.0,604.8,420.0,172.07,12.73,4,No
O101486,2025-11-24,C10165,Photography Guide,Books & Media,Southwest,Marketplace,1,34.0,7.0,31.62,14.0,9.29,8.33,4,No
O101082,2025-11-24,C10230,Programming Book,Books & Media,Midwest,Marketplace,2,59.0,7.0,109.74,50.0,46.48,13.26,4,No
O100427,2025-11-24,C10385,Mechanical Keyboard,Electronics,Midwest,Website,5,95.0,0.0,475.0,255.0,203.97,16.03,3,No
O100618,2025-11-24,C10611,Camping Chair,Outdoor,Southwest,Mobile App,5,69.0,15.0,293.25,170.0,62.04,17.22,5,Yes
O100238,2025-11-24,C10554,Hiking Pants,Apparel,Southeast,Website,1,79.0,5.0,75.05,35.0,29.61,10.44,5,No
O101205,2025-11-24,C10625,Portable Stove,Outdoor,Southeast,Website,2,74.0,20.0,118.4,74.0,29.33,15.07,5,No
O100085,2025-11-25,C10221,USB-C Hub,Electronics,Southeast,Mobile App,4,39.0,10.0,140.4,80.0,48.85,11.55,5,No
O100634,2025-11-25,C10047,Monitor Stand,Home & Office,Southeast,Mobile App,1,59.0,5.0,56.05,28.0,10.47,9.18,3,Yes
O101308,2025-11-25,C10277,Fleece Jacket,Apparel,Southeast,Marketplace,1,84.0,2.0,82.32,39.0,22.51,8.46,4,Yes
O101427,2025-11-25,C10429,Wireless Headphones,Electronics,Southwest,Mobile App,2,79.0,20.0,126.4,84.0,30.22,12.18,5,No
O100088,2025-11-26,C10318,Portable Stove,Outdoor,Southeast,Marketplace,1,74.0,12.0,65.12,37.0,17.08,11.04,3,No
O101473,2025-11-26,C10516,Mechanical Keyboard,Electronics,West,Mobile App,3,95.0,0.0,285.0,153.0,114.88,17.12,5,No
O101494,2025-11-26,C10034,Office Chair,Home & Office,Northeast,Website,1,189.0,0.0,189.0,105.0,75.92,8.08,4,No
O101032,2025-11-26,C10623,Desk Organizer,Home & Office,West,Marketplace,4,24.0,2.0,94.08,40.0,37.1,16.98,6,No
O101959,2025-11-26,C10013,Hiking Backpack,Outdoor,Midwest,Mobile App,1,119.0,25.0,89.25,61.0,17.6,10.65,5,No
O100724,2025-11-26,C10289,Fleece Jacket,Apparel,Midwest,Marketplace,1,84.0,7.0,78.12,39.0,29.31,9.81,6,No
O101296,2025-11-26,C10392,Portable Stove,Outdoor,Northeast,Mobile App,1,74.0,10.0,66.6,37.0,21.17,8.43,1,No
O101763,2025-11-27,C10310,Desk Lamp,Home & Office,West,Marketplace,4,35.0,2.0,137.2,64.0,61.4,11.8,6,No
O101687,2025-11-27,C10328,Hiking Pants,Apparel,Southwest,Marketplace,1,79.0,12.0,69.52,35.0,25.11,9.41,3,No
O101219,2025-11-27,C10417,Desk Organizer,Home & Office,Northeast,Marketplace,1,24.0,7.0,22.32,10.0,-0.1,12.42,7,No
O100472,2025-11-27,C10129,Science Book,Books & Media,Southeast,Marketplace,1,39.0,17.0,32.37,16.0,4.94,11.43,8,No
O101014,2025-11-27,C10436,Data Analytics Book,Books & Media,Southwest,Mobile App,1,49.0,0.0,49.0,21.0,17.1,10.9,3,No
O101944,2025-11-27,C10270,Office Chair,Home & Office,Southwest,Website,1,189.0,5.0,179.55,105.0,65.91,8.64,4,No
O100788,2025-11-27,C10447,Science Book,Books & Media,Southeast,Website,2,39.0,15.0,66.3,32.0,21.83,12.47,3,No
O101901,2025-11-27,C10243,Data Analytics Book,Books & Media,Midwest,Mobile App,1,49.0,0.0,49.0,21.0,18.42,9.58,2,No
O101899,2025-11-27,C10581,Insulated Bottle,Outdoor,Southwest,Mobile App,1,32.0,0.0,32.0,14.0,2.16,7.84,4,Yes
O100450,2025-11-27,C10513,Monitor Stand,Home & Office,Southwest,Mobile App,4,59.0,25.0,177.0,112.0,48.02,16.98,4,No
O101601,2025-11-28,C10426,Standing Desk,Home & Office,Southeast,Website,1,349.0,20.0,279.2,205.0,66.22,7.98,5,No
O100883,2025-11-28,C10454,Performance Shirt,Apparel,Midwest,Mobile App,2,45.0,30.0,63.0,38.0,15.41,9.59,3,No
O101657,2025-11-28,C10581,Mechanical Keyboard,Electronics,Northeast,Marketplace,3,95.0,17.0,236.55,153.0,71.31,12.24,4,No
O101003,2025-11-28,C10215,Hiking Pants,Apparel,West,Mobile App,2,79.0,5.0,150.1,70.0,64.31,15.79,4,No
O101804,2025-11-29,C10469,USB-C Hub,Electronics,Northeast,Mobile App,2,39.0,20.0,62.4,40.0,9.6,12.8,2,No
O101576,2025-11-29,C10546,Business Strategy Book,Books & Media,Southeast,Website,1,44.0,25.0,33.0,19.0,3.39,10.61,5,No
O101936,2025-11-29,C10040,Camping Lantern,Outdoor,West,Mobile App,1,45.0,10.0,40.5,22.0,7.6,10.9,4,No
O100978,2025-11-30,C10528,Desk Organizer,Home & Office,West,Mobile App,3,24.0,0.0,72.0,30.0,26.46,15.54,5,No
O101980,2025-11-30,C10468,Trail Shoes,Apparel,Northeast,Website,1,129.0,15.0,109.65,68.0,29.92,11.73,4,No
O100023,2025-11-30,C10285,Fleece Jacket,Apparel,Southwest,Marketplace,1,84.0,32.0,57.12,39.0,9.18,8.94,4,No
O101681,2025-12-01,C10287,Mechanical Keyboard,Electronics,West,Website,3,95.0,15.0,242.25,153.0,73.71,15.54,3,No
O100232,2025-12-01,C10253,Hiking Pants,Apparel,West,Website,1,79.0,0.0,79.0,35.0,36.17,7.83,4,No
O101158,2025-12-01,C10055,USB-C Hub,Electronics,Midwest,Mobile App,2,39.0,25.0,58.5,40.0,4.29,14.21,2,No
O101783,2025-12-01,C10493,Fleece Jacket,Apparel,Southwest,Marketplace,1,84.0,17.0,69.72,39.0,16.75,13.97,4,No
O101988,2025-12-02,C10034,Standing Desk,Home & Office,Southwest,Website,4,349.0,20.0,1116.8,820.0,283.96,12.84,4,No
O101361,2025-12-02,C10052,Programming Book,Books & Media,Southeast,Website,2,59.0,25.0,88.5,50.0,24.0,14.5,5,No
O100603,2025-12-02,C10213,Camping Chair,Outdoor,Southeast,Marketplace,1,69.0,22.0,53.82,34.0,10.84,8.98,6,No
O100702,2025-12-02,C10485,Fleece Jacket,Apparel,Southeast,Mobile App,1,84.0,0.0,84.0,39.0,32.96,12.04,4,No
O100930,2025-12-03,C10375,Trail Shoes,Apparel,West,Website,1,129.0,30.0,90.3,68.0,-6.24,14.99,5,Yes
O101659,2025-12-03,C10487,Bluetooth Speaker,Electronics,Northeast,Website,1,65.0,15.0,55.25,34.0,8.06,13.19,2,No
O101619,2025-12-03,C10065,Programming Book,Books & Media,Southwest,Website,2,59.0,0.0,118.0,50.0,55.59,12.41,4,No
O101495,2025-12-03,C10620,Fleece Jacket,Apparel,Northeast,Website,1,84.0,15.0,71.4,39.0,22.3,10.1,4,No
O101187,2025-12-04,C10179,Webcam,Electronics,Northeast,Website,1,69.0,5.0,65.55,36.0,21.4,8.15,4,No
O101779,2025-12-04,C10463,Hiking Backpack,Outdoor,West,Website,1,119.0,0.0,119.0,61.0,49.45,8.55,4,No
O101721,2025-12-04,C10454,Bluetooth Speaker,Electronics,Southeast,Marketplace,1,65.0,17.0,53.95,34.0,11.91,8.04,5,No
O101107,2025-12-04,C10497,Rain Jacket,Apparel,Southwest,Mobile App,1,99.0,15.0,84.15,48.0,12.26,11.27,4,Yes
O100870,2025-12-05,C10182,Portable Stove,Outdoor,Southeast,Mobile App,1,74.0,0.0,74.0,37.0,24.23,12.77,4,No
O101611,2025-12-05,C10250,Wireless Headphones,Electronics,Midwest,Marketplace,2,79.0,2.0,154.84,84.0,58.94,11.9,7,No
O101935,2025-12-05,C10320,Camping Lantern,Outdoor,Midwest,Mobile App,3,45.0,30.0,94.5,66.0,18.06,10.44,2,No
O101434,2025-12-05,C10404,Camping Chair,Outdoor,Northeast,Mobile App,2,69.0,15.0,117.3,68.0,39.29,10.01,6,No
O101037,2025-12-05,C10180,Bluetooth Speaker,Electronics,Southwest,Marketplace,1,65.0,17.0,53.95,34.0,5.65,14.3,4,No
O101482,2025-12-05,C10121,Mechanical Keyboard,Electronics,West,Mobile App,3,95.0,5.0,270.75,153.0,101.41,16.34,1,No
O101233,2025-12-06,C10255,Trail Shoes,Apparel,Southeast,Website,1,129.0,10.0,116.1,68.0,35.7,12.4,5,No
O100072,2025-12-06,C10005,Mechanical Keyboard,Electronics,Southeast,Mobile App,2,95.0,0.0,190.0,102.0,75.13,12.87,4,No
O101844,2025-12-06,C10299,Bluetooth Speaker,Electronics,Northeast,Mobile App,3,65.0,0.0,195.0,102.0,81.2,11.8,2,No
O100572,2025-12-07,C10084,Bluetooth Speaker,Electronics,Southwest,Website,2,65.0,0.0,130.0,68.0,45.9,16.1,4,No
O100340,2025-12-07,C10130,Photography Guide,Books & Media,Southeast,Website,3,34.0,10.0,91.8,42.0,35.11,14.69,2,No
O100066,2025-12-07,C10084,Performance Shirt,Apparel,Midwest,Website,1,45.0,20.0,36.0,19.0,7.46,9.54,3,No
O100579,2025-12-07,C10577,Portable Stove,Outdoor,Southwest,Marketplace,2,74.0,7.0,137.64,74.0,52.97,10.67,5,No
O100820,2025-12-08,C10389,Mechanical Keyboard,Electronics,Southeast,Website,2,95.0,25.0,142.5,102.0,27.18,13.32,3,No
O101426,2025-12-08,C10451,Rain Jacket,Apparel,Southeast,Website,2,99.0,20.0,158.4,96.0,50.18,12.22,4,No
O101202,2025-12-08,C10139,Mechanical Keyboard,Electronics,Southwest,Website,4,95.0,5.0,361.0,204.0,88.33,14.52,4,Yes
O101396,2025-12-08,C10326,Desk Organizer,Home & Office,Northeast,Website,4,24.0,15.0,81.6,40.0,25.27,16.33,2,No
O100285,2025-12-08,C10539,Wireless Headphones,Electronics,West,Marketplace,3,79.0,32.0,161.16,126.0,22.07,13.09,3,No
O100211,2025-12-08,C10409,Hiking Backpack,Outdoor,Northeast,Website,4,119.0,10.0,428.4,244.0,167.12,17.28,2,No
O101247,2025-12-08,C10582,Wireless Headphones,Electronics,Southeast,Website,2,79.0,0.0,158.0,84.0,62.51,11.49,3,No
O101524,2025-12-08,C10405,USB-C Hub,Electronics,Northeast,Mobile App,1,39.0,0.0,39.0,20.0,8.46,10.54,4,No
O101017,2025-12-09,C10149,Programming Book,Books & Media,Southeast,Mobile App,1,59.0,5.0,56.05,25.0,22.34,8.71,4,No
O101810,2025-12-09,C10430,Monitor Stand,Home & Office,Midwest,Marketplace,2,59.0,12.0,103.84,56.0,36.03,11.81,5,No
O100539,2025-12-09,C10096,Office Chair,Home & Office,Southwest,Website,4,189.0,5.0,718.2,420.0,280.16,18.04,4,No
O100076,2025-12-09,C10447,Standing Desk,Home & Office,Southeast,Website,1,349.0,20.0,279.2,205.0,66.19,8.01,3,No
O100920,2025-12-10,C10061,Desk Lamp,Home & Office,West,Mobile App,1,35.0,5.0,33.25,16.0,7.04,10.21,3,No
O101349,2025-12-10,C10153,Wireless Headphones,Electronics,Southeast,Mobile App,1,79.0,15.0,67.15,42.0,16.38,8.77,3,No
O101222,2025-12-10,C10215,Portable Stove,Outdoor,Midwest,Mobile App,1,74.0,15.0,62.9,37.0,15.54,10.36,3,No
O100020,2025-12-10,C10510,Desk Lamp,Home & Office,West,Mobile App,2,35.0,0.0,70.0,32.0,27.61,10.39,5,No
O101011,2025-12-11,C10058,Camping Lantern,Outdoor,Northeast,Website,4,45.0,5.0,171.0,88.0,66.02,16.98,2,No
O100588,2025-12-11,C10601,Performance Shirt,Apparel,Southeast,Mobile App,1,45.0,20.0,36.0,19.0,6.73,10.27,3,No
O100415,2025-12-11,C10179,USB-C Hub,Electronics,West,Website,1,39.0,10.0,35.1,20.0,5.99,9.11,3,No
O100600,2025-12-11,C10541,Hiking Backpack,Outdoor,Northeast,Website,2,119.0,15.0,202.3,122.0,67.86,12.44,3,No
O101554,2025-12-11,C10452,Data Analytics Book,Books & Media,West,Website,1,49.0,15.0,41.65,21.0,9.43,11.22,4,No
O100871,2025-12-11,C10533,Office Chair,Home & Office,Northeast,Mobile App,1,189.0,10.0,170.1,105.0,52.23,12.87,4,No
O100320,2025-12-11,C10289,Fleece Jacket,Apparel,Northeast,Website,2,84.0,15.0,142.8,78.0,50.64,14.16,3,No
O101355,2025-12-11,C10264,Photography Guide,Books & Media,West,Website,1,34.0,5.0,32.3,14.0,8.35,9.95,1,No
O100613,2025-12-11,C10344,Bluetooth Speaker,Electronics,Northeast,Mobile App,4,65.0,25.0,195.0,136.0,44.62,14.38,5,No
O100265,2025-12-11,C10093,Wireless Headphones,Electronics,Northeast,Mobile App,1,79.0,0.0,79.0,42.0,16.48,8.67,1,Yes
O100228,2025-12-12,C10505,Standing Desk,Home & Office,Southwest,Marketplace,1,349.0,2.0,342.02,205.0,127.7,9.32,3,No
O100768,2025-12-12,C10124,Camping Chair,Outdoor,Southeast,Website,1,69.0,0.0,69.0,34.0,26.23,8.77,4,No
O100429,2025-12-13,C10388,Data Analytics Book,Books & Media,Southeast,Marketplace,1,49.0,17.0,40.67,21.0,7.03,12.64,4,No
O100489,2025-12-13,C10103,Webcam,Electronics,West,Website,3,69.0,0.0,207.0,108.0,87.99,11.01,3,No
O100486,2025-12-13,C10585,Hiking Backpack,Outdoor,Midwest,Mobile App,1,119.0,0.0,119.0,61.0,47.46,10.54,6,No
O101141,2025-12-13,C10344,Wireless Headphones,Electronics,Northeast,Website,1,79.0,10.0,71.1,42.0,21.49,7.61,5,No
O101639,2025-12-13,C10320,Webcam,Electronics,Southeast,Mobile App,1,69.0,0.0,69.0,36.0,23.86,9.14,4,No
O100856,2025-12-13,C10076,Science Book,Books & Media,Midwest,Website,2,39.0,5.0,74.1,32.0,31.62,10.48,2,No
O101995,2025-12-13,C10323,Portable Stove,Outdoor,Northeast,Mobile App,5,74.0,25.0,277.5,185.0,33.17,17.71,2,Yes
O101155,2025-12-13,C10187,Science Book,Books & Media,Southwest,Website,2,39.0,15.0,66.3,32.0,14.03,10.32,3,Yes
O100111,2025-12-13,C10064,Standing Desk,Home & Office,Midwest,Marketplace,1,349.0,22.0,272.22,205.0,55.55,11.67,4,No
O100024,2025-12-13,C10088,Photography Guide,Books & Media,Midwest,Mobile App,1,34.0,15.0,28.9,14.0,5.44,9.46,5,No
O101500,2025-12-14,C10332,Hiking Pants,Apparel,West,Mobile App,1,79.0,10.0,71.1,35.0,21.8,14.3,6,No
O101954,2025-12-14,C10253,USB-C Hub,Electronics,Midwest,Marketplace,1,39.0,17.0,32.37,20.0,4.37,8.0,7,No
O100569,2025-12-14,C10025,USB-C Hub,Electronics,Northeast,Mobile App,2,39.0,20.0,62.4,40.0,9.93,12.47,3,No
O101698,2025-12-14,C10434,Science Book,Books & Media,Southeast,Website,1,39.0,5.0,37.05,16.0,7.62,13.43,3,No
O100574,2025-12-14,C10279,Bluetooth Speaker,Electronics,Southeast,Website,1,65.0,0.0,65.0,34.0,17.56,13.44,3,No
O101852,2025-12-15,C10646,Bluetooth Speaker,Electronics,Southeast,Website,1,65.0,5.0,61.75,34.0,15.55,12.2,1,No
O101602,2025-12-15,C10347,Camping Lantern,Outdoor,Southwest,Website,1,45.0,15.0,38.25,22.0,7.01,9.24,1,No
O101185,2025-12-15,C10287,Office Chair,Home & Office,Midwest,Website,1,189.0,10.0,170.1,105.0,52.93,12.17,4,No
O100673,2025-12-15,C10387,Office Chair,Home & Office,West,Website,1,189.0,25.0,141.75,105.0,21.91,14.84,6,No
O100922,2025-12-16,C10238,Rain Jacket,Apparel,Midwest,Mobile App,5,99.0,0.0,495.0,240.0,238.2,16.8,2,No
O101532,2025-12-16,C10111,Data Analytics Book,Books & Media,Midwest,Website,2,49.0,10.0,88.2,42.0,34.93,11.27,1,No
O101399,2025-12-16,C10559,Trail Shoes,Apparel,Northeast,Mobile App,3,129.0,10.0,348.3,204.0,129.23,15.07,2,No
O100592,2025-12-16,C10264,Mechanical Keyboard,Electronics,Northeast,Website,1,95.0,15.0,80.75,51.0,22.31,7.44,3,No
O101933,2025-12-16,C10182,Desk Organizer,Home & Office,Southwest,Website,2,24.0,0.0,48.0,20.0,12.76,15.24,4,No
O101776,2025-12-16,C10416,Standing Desk,Home & Office,Northeast,Website,1,349.0,10.0,314.1,205.0,101.68,7.42,3,No
O100407,2025-12-16,C10401,Science Book,Books & Media,Midwest,Mobile App,3,39.0,0.0,117.0,48.0,53.76,15.24,3,No
O101449,2025-12-17,C10100,Insulated Bottle,Outdoor,Southeast,Marketplace,1,32.0,2.0,31.36,14.0,4.89,12.47,4,No
O100647,2025-12-17,C10306,USB-C Hub,Electronics,Northeast,Mobile App,1,39.0,10.0,35.1,20.0,7.41,7.69,4,No
O101628,2025-12-17,C10621,Mechanical Keyboard,Electronics,Midwest,Marketplace,5,95.0,22.0,370.5,255.0,96.96,18.54,3,No
O101376,2025-12-17,C10632,Desk Organizer,Home & Office,Southeast,Mobile App,1,24.0,10.0,21.6,10.0,2.89,8.71,2,No
O101913,2025-12-18,C10532,Desk Lamp,Home & Office,Southeast,Website,1,35.0,10.0,31.5,16.0,5.62,9.88,3,No
O101582,2025-12-18,C10131,Desk Organizer,Home & Office,Southeast,Website,1,24.0,10.0,21.6,10.0,-1.66,13.26,5,No
O100445,2025-12-18,C10339,Camping Chair,Outdoor,West,Mobile App,1,69.0,20.0,55.2,34.0,12.56,8.64,3,No
O100165,2025-12-18,C10551,Monitor Stand,Home & Office,Southeast,Mobile App,1,59.0,15.0,50.15,28.0,9.83,12.32,5,No
O101822,2025-12-18,C10551,Mechanical Keyboard,Electronics,Midwest,Website,1,95.0,0.0,95.0,51.0,35.76,8.24,2,No
O100196,2025-12-19,C10026,Camping Chair,Outdoor,Southwest,Website,1,69.0,25.0,51.75,34.0,8.2,9.55,3,No
O100477,2025-12-19,C10453,Standing Desk,Home & Office,Midwest,Website,1,349.0,20.0,279.2,205.0,63.42,10.78,3,No
O101414,2025-12-19,C10326,Camping Lantern,Outdoor,West,Website,1,45.0,15.0,38.25,22.0,5.32,10.93,4,No
O100952,2025-12-19,C10018,Rain Jacket,Apparel,Northeast,Website,2,99.0,0.0,198.0,96.0,89.89,12.11,5,No
O100977,2025-12-19,C10085,Hiking Pants,Apparel,West,Marketplace,1,79.0,2.0,77.42,35.0,33.22,9.2,5,No
O101917,2025-12-19,C10330,Standing Desk,Home & Office,Southeast,Website,1,349.0,20.0,279.2,205.0,60.8,13.4,3,No
O100482,2025-12-19,C10256,Insulated Bottle,Outdoor,West,Website,1,32.0,5.0,30.4,14.0,7.39,9.01,3,No
O100301,2025-12-19,C10552,USB-C Hub,Electronics,Northeast,Mobile App,1,39.0,10.0,35.1,20.0,2.15,12.95,4,No
O100774,2025-12-19,C10492,Performance Shirt,Apparel,Northeast,Website,5,45.0,0.0,225.0,95.0,113.42,16.58,3,No
O100283,2025-12-19,C10051,Hiking Pants,Apparel,Northeast,Marketplace,1,79.0,12.0,69.52,35.0,21.17,13.35,6,No
O100264,2025-12-19,C10469,Insulated Bottle,Outdoor,West,Mobile App,1,32.0,15.0,27.2,14.0,-1.43,14.63,2,No
O101229,2025-12-19,C10574,Trail Shoes,Apparel,Southwest,Website,2,129.0,0.0,258.0,136.0,112.62,9.38,4,No
O101865,2025-12-20,C10038,Desk Organizer,Home & Office,West,Website,3,24.0,10.0,64.8,30.0,23.57,11.23,5,No
O101491,2025-12-20,C10398,Desk Organizer,Home & Office,West,Website,1,24.0,10.0,21.6,10.0,2.02,9.58,3,No
O100452,2025-12-20,C10054,Trail Shoes,Apparel,Southwest,Marketplace,1,129.0,27.0,94.17,68.0,12.07,14.1,4,No
O101723,2025-12-20,C10261,Desk Organizer,Home & Office,West,Website,1,24.0,20.0,19.2,10.0,-5.99,15.19,4,No
O100231,2025-12-20,C10565,Mechanical Keyboard,Electronics,Midwest,Website,1,95.0,30.0,66.5,51.0,5.01,10.49,3,No
O100924,2025-12-20,C10526,Bluetooth Speaker,Electronics,Northeast,Mobile App,2,65.0,10.0,117.0,68.0,35.2,13.8,5,No
O101390,2025-12-21,C10179,USB-C Hub,Electronics,Southwest,Website,1,39.0,0.0,39.0,20.0,7.81,11.19,5,No
O101637,2025-12-21,C10635,Science Book,Books & Media,Southeast,Website,4,39.0,0.0,156.0,64.0,76.44,15.56,4,No
O101811,2025-12-21,C10323,Hiking Pants,Apparel,Southeast,Website,1,79.0,5.0,75.05,35.0,27.84,12.21,6,No
O101668,2025-12-21,C10112,Hiking Backpack,Outdoor,Northeast,Mobile App,1,119.0,0.0,119.0,61.0,31.56,8.59,3,Yes
O100188,2025-12-22,C10189,Wireless Headphones,Electronics,Midwest,Mobile App,1,79.0,25.0,59.25,42.0,-2.9,11.26,4,Yes
O101323,2025-12-22,C10494,Wireless Headphones,Electronics,Northeast,Website,1,79.0,0.0,79.0,42.0,25.78,11.22,5,No
O101499,2025-12-22,C10215,Data Analytics Book,Books & Media,Northeast,Mobile App,4,49.0,5.0,186.2,84.0,85.96,16.24,4,No
O100779,2025-12-22,C10565,Hiking Backpack,Outdoor,West,Website,1,119.0,15.0,101.15,61.0,32.27,7.88,5,No
O100752,2025-12-22,C10609,Hiking Backpack,Outdoor,Southwest,Mobile App,1,119.0,20.0,95.2,61.0,20.92,13.28,3,No
O101722,2025-12-22,C10031,Insulated Bottle,Outdoor,Northeast,Marketplace,1,32.0,12.0,28.16,14.0,4.11,10.05,5,No
O101237,2025-12-23,C10543,Wireless Headphones,Electronics,West,Mobile App,2,79.0,5.0,150.1,84.0,53.94,12.16,6,No
O101979,2025-12-23,C10042,Fleece Jacket,Apparel,Midwest,Marketplace,1,84.0,17.0,69.72,39.0,21.49,9.23,4,No
O100616,2025-12-23,C10144,Insulated Bottle,Outdoor,Southwest,Mobile App,2,32.0,25.0,48.0,28.0,10.83,9.17,2,No
O100696,2025-12-23,C10570,Office Chair,Home & Office,Northeast,Mobile App,1,189.0,25.0,141.75,105.0,26.61,10.14,4,No
O100911,2025-12-23,C10410,Monitor Stand,Home & Office,Southeast,Website,1,59.0,25.0,44.25,28.0,4.65,11.6,3,No
O101932,2025-12-23,C10540,Photography Guide,Books & Media,Southeast,Website,2,34.0,10.0,61.2,28.0,24.25,8.95,4,No
O100540,2025-12-23,C10451,Mechanical Keyboard,Electronics,Midwest,Mobile App,2,95.0,25.0,142.5,102.0,30.33,10.17,3,No
O101004,2025-12-23,C10235,Camping Chair,Outdoor,West,Website,2,69.0,10.0,124.2,68.0,46.09,10.11,3,No
O100278,2025-12-23,C10501,Data Analytics Book,Books & Media,Midwest,Website,2,49.0,10.0,88.2,42.0,36.44,9.76,4,No
O100342,2025-12-24,C10085,Fleece Jacket,Apparel,Northeast,Website,4,84.0,0.0,336.0,156.0,168.13,11.87,4,No
O100609,2025-12-24,C10554,Photography Guide,Books & Media,Northeast,Marketplace,2,34.0,2.0,66.64,28.0,28.95,9.69,4,No
O100568,2025-12-24,C10507,Trail Shoes,Apparel,West,Website,1,129.0,25.0,96.75,68.0,14.53,14.22,5,No
O100658,2025-12-24,C10264,Webcam,Electronics,Midwest,Mobile App,3,69.0,0.0,207.0,108.0,85.9,13.1,2,No
O101077,2025-12-24,C10222,Mechanical Keyboard,Electronics,Southwest,Marketplace,1,95.0,17.0,78.85,51.0,5.39,10.63,1,Yes
O101613,2025-12-25,C10533,Portable Stove,Outdoor,Southeast,Website,1,74.0,25.0,55.5,37.0,10.28,8.22,4,No
O101626,2025-12-25,C10425,Desk Organizer,Home & Office,Northeast,Mobile App,1,24.0,20.0,19.2,10.0,-3.14,12.34,3,No
O100410,2025-12-25,C10063,Photography Guide,Books & Media,Southeast,Website,3,34.0,5.0,96.9,42.0,42.24,12.66,2,No
O101120,2025-12-25,C10044,Fleece Jacket,Apparel,Southwest,Website,1,84.0,10.0,75.6,39.0,24.55,12.05,3,No
O101643,2025-12-26,C10517,Trail Shoes,Apparel,Northeast,Mobile App,1,129.0,0.0,129.0,68.0,33.61,8.04,2,Yes
O100251,2025-12-26,C10400,Bluetooth Speaker,Electronics,Southwest,Mobile App,1,65.0,0.0,65.0,34.0,18.4,12.6,5,No
O100281,2025-12-27,C10285,Wireless Headphones,Electronics,Midwest,Website,1,79.0,15.0,67.15,42.0,16.7,8.45,6,No
O100009,2025-12-27,C10207,USB-C Hub,Electronics,Southeast,Website,1,39.0,5.0,37.05,20.0,5.01,12.04,5,No
O101153,2025-12-27,C10534,Camping Chair,Outdoor,Midwest,Marketplace,1,69.0,12.0,60.72,34.0,18.94,7.78,5,No
O100541,2025-12-27,C10337,Desk Organizer,Home & Office,Midwest,Website,1,24.0,15.0,20.4,10.0,-0.24,10.64,4,No
O100715,2025-12-27,C10592,Hiking Pants,Apparel,Northeast,Mobile App,5,79.0,10.0,355.5,175.0,109.31,17.87,4,Yes
O100322,2025-12-27,C10229,Wireless Headphones,Electronics,Northeast,Marketplace,2,79.0,12.0,139.04,84.0,44.33,10.71,4,No
O101557,2025-12-28,C10148,Bluetooth Speaker,Electronics,Southwest,Mobile App,2,65.0,20.0,104.0,68.0,22.04,13.96,2,No
O101877,2025-12-28,C10297,Wireless Headphones,Electronics,Southwest,Marketplace,1,79.0,17.0,65.57,42.0,15.04,8.53,3,No
O100951,2025-12-28,C10305,Rain Jacket,Apparel,Southeast,Marketplace,1,99.0,2.0,97.02,48.0,37.73,11.29,4,No
O100455,2025-12-28,C10182,Bluetooth Speaker,Electronics,Southeast,Mobile App,3,65.0,15.0,165.75,102.0,52.15,11.6,3,No
O100125,2025-12-28,C10460,Standing Desk,Home & Office,Southeast,Mobile App,3,349.0,5.0,994.65,615.0,368.46,11.19,5,No
O101470,2025-12-28,C10538,Photography Guide,Books & Media,Northeast,Marketplace,2,34.0,22.0,53.04,28.0,10.79,14.25,4,No
O101946,2025-12-29,C10580,Webcam,Electronics,Southeast,Website,1,69.0,0.0,69.0,36.0,25.18,7.82,4,No
O101026,2025-12-29,C10465,Bluetooth Speaker,Electronics,Northeast,Marketplace,4,65.0,2.0,254.8,136.0,104.47,14.33,4,No
O100300,2025-12-29,C10351,Desk Lamp,Home & Office,West,Website,1,35.0,0.0,35.0,16.0,-0.94,11.94,3,Yes
O101805,2025-12-29,C10196,Desk Lamp,Home & Office,Midwest,Mobile App,4,35.0,15.0,119.0,64.0,39.04,15.96,3,No
O101467,2025-12-29,C10131,Trail Shoes,Apparel,Southwest,Website,1,129.0,0.0,129.0,68.0,52.73,8.27,5,No
O101312,2025-12-29,C10265,Data Analytics Book,Books & Media,Northeast,Mobile App,1,49.0,20.0,39.2,21.0,6.02,12.18,3,No
O101252,2025-12-29,C10057,Fleece Jacket,Apparel,Midwest,Marketplace,1,84.0,17.0,69.72,39.0,18.74,11.98,6,No
O101370,2025-12-30,C10240,Portable Stove,Outdoor,Midwest,Mobile App,1,74.0,10.0,66.6,37.0,16.65,12.95,2,No
O100981,2025-12-30,C10006,Portable Stove,Outdoor,Midwest,Website,2,74.0,15.0,125.8,74.0,39.01,12.79,2,No
O100964,2025-12-30,C10501,Performance Shirt,Apparel,Southwest,Website,2,45.0,15.0,76.5,38.0,23.06,15.44,6,No
O100403,2025-12-31,C10385,Standing Desk,Home & Office,Southwest,Mobile App,1,349.0,10.0,314.1,205.0,98.27,10.83,4,No
O101057,2025-12-31,C10563,Insulated Bottle,Outdoor,Northeast,Mobile App,1,32.0,15.0,27.2,14.0,1.13,12.07,4,No
O100374,2025-12-31,C10606,Mechanical Keyboard,Electronics,West,Website,1,95.0,20.0,76.0,51.0,10.75,14.25,4,No
O101485,2025-12-31,C10583,Monitor Stand,Home & Office,Northeast,Website,1,59.0,25.0,44.25,28.0,6.45,9.8,3,No
O100501,2025-12-31,C10115,Office Chair,Home & Office,West,Mobile App,1,189.0,25.0,141.75,105.0,21.51,15.24,1,No
O101974,2025-12-31,C10281,Desk Organizer,Home & Office,Midwest,Website,1,24.0,30.0,16.8,10.0,-6.15,12.95,4,No
